# vtk DataFile Version 5.1
vtk output
ASCII
DATASET POLYDATA
POINTS 6048 double
3664084.887 -28004.941089 -5204311.9462 3680072.2218 -2491.4520553 -5193167.0716 3700462.5871 28623.025345 -5178677.2914 
3665461.2851 61712.822579 -5203063.1611 3703680.2595 109585.65666 -5175319.4726 3734795.0599 153902.91437 -5151933.9981 
3767470.4618 199118.62647 -5126700.7928 3749775.5427 220738.82242 -5138699.4596 3721025.0022 257352.33133 -5157732.4169 
3691484.4761 284987.70547 -5177332.7966 3713544.066 313572.48665 -5159988.4336 3698812.3527 329050.08124 -5169540.0438 
3675299.6449 353544.05178 -5184564.9633 3709307.0083 401894.80582 -5156935.9746 3732953.4059 433595.49648 -5137399.4014 
3702475.9111 470177.14959 -5156075.7258 3671533.5402 501132.29129 -5175128.0529 3671533.5402 501132.29129 -5175128.0529 
3699347.492 538905.52193 -5151621.8019 3726797.9743 576857.164 -5127835.2578 3758657.944 624175.64321 -5099154.6006 
3790900.373 667964.01644 -5069849.9308 3760454.7815 699836.75686 -5088067.4558 3731736.1443 723674.43162 -5105724.3948 
3770025.7616 781309.15502 -5069219.0816 3797023.9012 827805.65035 -5041800.5025 3823544.2514 875366.2051 -5013833.8709 
3803535.9657 892405.01833 -5025953.3143 3765501.5745 924029.2266 -5048675.6566 3795252.5103 978924.01958 -5016165.8478 
3757561.8389 1014741.0387 -5037237.9556 3770905.0004 1040662.2532 -5022053.5197 3788682.7161 1073682.0395 -5001816.2141 
3735578.589 1135464.8997 -5027871.3083 3692325.3551 1185924.7588 -5048000.3707 3654456.557 1225418.4396 -5065969.506 
3665907.1712 1241730.7888 -5053792.3329 3615268.7109 1315403.7877 -5071481.1752 3577928.9753 1391409.0484 -5077630.1501 
3534930.5878 1464521.3664 -5087117.9538 3516343.5166 1498057.207 -5090208.3929 3509327.8363 1491169.0448 -5097020.1201 
3477595.4797 1540055.0094 -5104182.4036 3446621.2056 1584181.1205 -5111631.0568 3447596.1542 1598314.1727 -5106603.6336 
3677816.5848 2309397.5433 -4657020.8974 3674311.7831 2283979.7548 -4672192.42 3651659.3242 2245505.5543 -4708226.0206 
3628701.1256 2206846.5807 -4743877.5415 3609839.8383 2169704.1517 -4775087.672 3590749.531 2132421.5763 -4805972.693 
3588551.244 2102167.4044 -4820819.4859 3572563.9093 2063119.7047 -4849283.2768 3559271.641 2031119.5886 -4872349.7186 
3529450.8219 1984132.5331 -4912964.8561 3494716.8996 1934666.7076 -4957027.4456 3458396.5495 1886003.5912 -5000764.5457 
3426007.8971 1852646.2569 -5035179.8151 3408504.0178 1836225.5695 -5052919.5507 3386507.8547 1809049.1134 -5077292.5072 
3416698.22 1777067.9873 -5068409.7261 3427772.8314 1774544.5908 -5061859.3018 3439159.6391 1776762.0578 -5053403.7967 
3471198.1151 1746826.5388 -5041997.999 3458135.2465 1725136.1153 -5058303.9865 3427989.3179 1697061.0505 -5088035.5525 
3403508.1182 1673325.3998 -5112115.3028 3396836.9172 1655789.6172 -5122176.9855 3408669.611 1652323.3652 -5115479.9581 
3420451.4115 1642293.7757 -5110872.9744 3430984.427 1613014.3626 -5113122.1547 3447596.1542 1598314.1727 -5106603.6336 
3677816.5848 2309397.5433 -4657020.8974 3616861.9752 2364458.0244 -4676952.4634 3640495.4596 2396681.2735 -4642320.7076 
3663874.4774 2428745.1961 -4607370.2989 3676567.42 2462956.3226 -4579193.2576 3662708.4889 2468895.0777 -4587043.3602 
3657623.7159 2475177.9324 -4587712.5692 3641680.8178 2481135.6776 -4597105.0429 3630791.1694 2495721.1676 -4597818.6886 
3638571.3887 2519839.2777 -4578600.7683 3664460.8898 2553336.9484 -4539495.7187 3681282.6469 2579054.2098 -4511445.9107 
3689859.6883 2601165.0728 -4491832.9976 3667340.9193 2631400.2546 -4492654.8865 3646899.6606 2646992.5965 -4500084.9295 
3631224.5221 2667682.4348 -4500543.7288 3616664.4788 2693559.0227 -4496873.3339 3604633.9087 2724724.5265 -4487812.4263 
3580000.0291 2747854.9647 -4493387.902 3568122.5188 2796027.1887 -4473207.5665 3568122.5188 2796027.1887 -4473207.5665 
3576081.2445 2813460.9947 -4455996.8934 3590099.3121 2839191.1694 -4428508.0512 3546769.7382 2879596.0872 -4437263.2191 
3563292.592 2913125.4712 -4402236.4705 3579598.5796 2946470.0822 -4366916.5156 3516343.5166 3003856.4633 -4379112.299 
3452451.5276 3060688.3353 -4390505.5633 3472020.004 3091923.7225 -4353280.1478 3491359.0808 3122949.0799 -4315755.4493 
3451177.2959 3158944.5105 -4321834.5408 3471548.2914 3189109.4291 -4283449.5935 3491677.7337 3219057.8613 -4244771.44 
3511564.4832 3248789.8071 -4205794.0035 3531215.7562 3278298.43 -4166523.3607 3462124.2943 3344408.0758 -4171933.2433 
3474122.5812 3357617.1677 -4151434.6347 3433998.1463 3396537.2543 -4153142.2191 3448813.036 3414793.1392 -4125991.0197 
3413818.1906 3450081.1908 -4125736.1734 3425109.2885 3465010.7803 -4103956.8765 3379390.3878 3508569.7539 -4104842.572 
3405044.0326 3545814.1594 -4051648.8118 3430296.2279 3582631.6688 -3997964.7288 3379230.8714 3640986.1622 -3988789.1214 
3327668.7355 3698786.5262 -3979008.1115 3336117.784 3707357.111 -3964034.0853 3317282.3231 3767037.1091 -3923635.4342 
3291431.1819 3790951.2663 -3922386.6491 3300645.1492 3801860.2846 -3904162.6675 3240015.2693 3853798.4233 -3904028.9776 
3247362.5157 3864873.0347 -3887053.781 3189638.4916 3914128.2606 -3885569.1397 3194933.6743 3921150.3975 -3874201.3221 
3145257.4393 3961905.6816 -3873392.3464 3095058.7882 4002043.0298 -3872576.5343 3119265.9616 4037400.9647 -3816413.8713 
3143097.3222 4072268.5769 -3759779.4957 3103208.5537 4103523.5238 -3758932.1601 3063128.7453 4134516.788 -3757848.5885 
3087125.699 4167536.6693 -3701698.8387 3040750.3127 4218601.6459 -3682321.4021 3066301.981 4260159.8289 -3613095.8705 
2989321.8666 4313060.3828 -3614822.8247 2997172.1592 4328626.8983 -3589806.4857 2968906.0546 4352037.8194 -3585014.539 
2986371.574 4384088.8288 -3531413.2526 2936357.6961 4419676.5432 -3529011.0126 2887688.5028 4456978.2987 -3522294.9951 
2909219.4099 4495452.4992 -3455491.0734 2924161.7228 4523922.3669 -3405700.3284 2938849.1893 4551997.6215 -3355616.3771 
2888784.418 4587311.1198 -3351028.3835 2837005.6057 4621649.6694 -3348097.4607 2850374.024 4656842.391 -3287831.0502 
2798607.9351 4688511.3208 -3287301.9876 2811020.5847 4713285.7268 -3241270.8907 2743674.8772 4753218.7421 -3240659.0316 
2681414.1326 4790520.4976 -3237868.2554 2696948.9347 4815218.5636 -3188287.5402 2696101.5991 4816683.835 -3186796.4423 
2708533.2388 4843650.4512 -3135317.1029 2720722.9453 4870196.2481 -3083551.0139 2659430.6928 4904636.5843 -3082442.1855 
2664356.1394 4910728.2093 -3068557.6179 2608104.2233 4938746.114 -3071883.9133 2618477.9123 4952777.0948 -3040514.4564 
2566265.5574 4981897.1815 -3037481.3672 2577461.3253 4994380.0943 -3007552.115 2532787.2566 5016503.4907 -3008679.9334 
2537661.8099 5022454.9692 -2994706.1126 2499767.3753 5040405.1144 -2996407.4303 2506126.7599 5049383.2254 -2976042.5116 
2430083.2343 5087213.6636 -2974691.75 2353109.5766 5123578.8302 -2974169.1442 2358188.0829 5138279.0201 -2944838.8377 
2267106.5347 5179091.6541 -2944877.1976 2270655.7732 5190650.1317 -2921855.1925 2202207.8837 5220719.7204 -2920676.2909 
2207732.2762 5240587.8596 -2880927.6688 2183098.2066 5250757.4058 -2881176.2484 2188004.6632 5264966.893 -2851559.1924 
2139099.4238 5284407.7563 -2852699.7342 2142999.2183 5298540.9036 -2823611.5508 2083924.4328 5323544.7092 -2820807.8613 
2088716.1895 5329190.448 -2806662.1807 2067707.6983 5336301.4584 -2808694.6846 2069147.7131 5342711.7362 -2795511.0394 
2039492.4871 5354920.4328 -2793956.3248 2044258.6073 5364026.1569 -2773062.5335 2014080.9653 5375540.1978 -2772852.3138 
2013093.2933 5381402.4231 -2762236.5017 1969349.3568 5398855.4091 -2759732.2851 3274532.7051 5289358.8395 1407135.1751 
3305366.8327 5262577.5661 1434993.4686 3324476.13 5246469.075 1449674.5734 3313567.4915 5248170.2027 1468229.8363 
3304557.4772 5249502.1641 1483592.7785 3314593.3335 5240963.4826 1491341.0946 3332224.8259 5226008.4465 1504371.87 
3346867.6658 5213583.2634 1514860.1639 3346638.2661 5212729.4712 1518294.7025 3360019.4077 5201699.2965 1526489.0946 
3374209.9049 5189637.203 1536168.128 3366079.1295 5190682.035 1550294.8186 3377134.371 5181130.4247 1558132.3879 
3388916.1716 5171241.1716 1565351.9263 3382327.7671 5172439.0633 1575540.7473 3427154.8955 5132046.8688 1610134.3331 
2344596.5316 5883872.8001 -756483.85575 2389722.9431 5859149.6673 -805274.25295 2360781.3628 5864680.3265 -848890.57642 
2402594.3921 5841403.475 -890729.14732 2359309.4448 5850955.0853 -941934.55535 2405136.9685 5825135.8473 -984792.60653 
2450690.276 5798653.857 -1027535.9579 2418925.8263 5804809.2885 -1067029.6386 2462599.4997 5778938.7774 -1106561.4894 
2506024.7834 5752475.7771 -1145978.7353 2469780.7732 5758930.8715 -1191035.1684 2528084.5631 5723120.214 -1239978.4829 
2499926.7018 5727057.9886 -1278057.5007 2567406.2891 5685589.0589 -1328116.0052 2530174.6069 5691687.1405 -1372414.0711 
2492739.1616 5697300.5962 -1416597.5322 2542670.0531 5663121.1832 -1463801.359 2498766.9801 5668059.7329 -1518893.6484 
2524407.9015 5650746.8934 -1540692.2202 2492809.2349 5653990.3922 -1579484.9786 2461057.5085 5656883.3349 -1618188.5787 
2415013.4983 5658699.1625 -1679620.9778 2368861.055 5660222.1637 -1738778.5599 2358296.3262 5660630.0697 -1751662.7322 
2390423.8654 5640519.9974 -1772728.5733 2346896.7952 5640972.3401 -1828196.9604 2410329.9848 5598898.0079 -1874126.2708 
2460611.4324 5563896.7059 -1912364.615 2514104.4756 5527537.9958 -1947659.1232 2561614.1371 5495231.7603 -1976747.3066 
2531328.0619 5494377.9681 -2017451.6973 2500876.2038 5493180.0764 -2058015.7517 2440514.2733 5490070.6472 -2136722.8203 
2395030.8491 5489325.0983 -2189113.3018 2367159.7373 5510059.5632 -2167372.1749 2334120.8661 5509645.2005 -2203711.5151 
2310385.2153 5525728.245 -2188508.0892 2278646.4021 5526486.7072 -2219437.7367 2263073.2402 5536617.8935 -2210166.4195 
2247843.9878 5534865.8724 -2229868.5858 2219883.8128 5553624.9933 -2211281.5146 2180205.264 5551585.8428 -2255152.6845 
2205100.6365 5534649.0061 -2272388.9941 2160311.868 5527480.6459 -2331680.456 2097859.8937 5523153.9552 -2397573.2356 
2132268.7064 5496372.6819 -2428375.6499 2090385.6039 5492026.6213 -2473890.7875 2044093.0141 5484004.4689 -2529371.708 
2010952.1663 5480264.1907 -2563570.3011 2048476.8648 5450341.2051 -2597208.1182 2016686.9684 5446091.2342 -2630559.1857 
1987120.9956 5441630.4739 -2661896.5495 2015285.1237 5416652.4947 -2691309.8423 1959855.0965 5410974.8526 -2742821.085 
1969349.3568 5398855.4091 -2759732.2851 4273069.6378 -2444222.6483 4043524.493 4296716.0354 -2414656.6755 4036273.3362 
4301985.7714 -2413879.2232 4031156.6598 4303858.9489 -2411292.2101 4030710.3939 4305140.017 -2404888.3889 4033150.9938 
4305923.5461 -2401294.5238 4034444.5953 4306478.0552 -2396012.2544 4036974.0686 4307261.5843 -2392418.3893 4038261.2135 
4308383.136 -2386396.8376 4040612.5603 4308867.382 -2383580.4248 4041753.1021 4309135.1416 -2378240.6155 4044588.6948 
4313321.6858 -2376456.5012 4041205.0495 4320827.6889 -2373550.8353 4034922.3847 4324587.337 -2372098.0972 4031774.5957 
4330016.2096 -2369268.9611 4027632.8681 4333049.2988 -2368931.1283 4024593.3223 4338579.958 -2367357.2338 4019584.8892 
4340192.2123 -2363056.1796 4020368.798 4342001.9631 -2355906.8094 4022598.9883 4344652.5929 -2354262.8417 4020712.8975 
4348507.571 -2353230.5431 4017170.1157 4351680.8066 -2352504.1741 4014181.4632 4355261.9483 -2351433.7056 4010944.4211 
4357887.1315 -2350611.6267 4008593.4541 4363265.1107 -2348578.9329 4003961.0238 4365584.5542 -2342328.1714 4005082.1958 
4368490.4101 -2334509.5922 4006471.5071 4370095.8281 -2329380.1925 4007694.8454 4373001.684 -2320720.5445 4009542.9561 
4379781.508 -2308543.7511 4009166.9533 4386255.5923 -2305013.6926 4004152.0636 4389709.121 -2302668.8025 4001736.9103 
4395775.2993 -2298654.3081 3997410.5995 4399362.5178 -2295901.7018 3995059.2527 4405683.5425 -2291932.0239 3990401.3758 
4415617.6121 -2273159.9897 3990159.0629 4422002.4433 -2272924.3233 3983270.9956 4425271.009 -2271770.8683 3980314.2464 
4430712.7948 -2270139.6239 3975223.0167 4434529.7928 -2268240.8098 3972069.1509 4441851.2127 -2266061.7027 3965168.1705 
4444438.036 -2265220.444 3962772.387 4450950.4802 -2262085.5682 3957286.1645 4455021.9448 -2260218.4675 3953787.8194 
4462865.9706 -2257281.0881 3946663.8958 4458481.93 -2244135.6128 3959012.7389 4465121.6075 -2240586.3744 3953570.9531 
4468505.2528 -2239037.9266 3950646.487 4475941.3726 -2234775.0424 3944675.6387 4479458.7078 -2232818.8784 3941808.5225 
4487009.5274 -2228989.347 3935430.1479 4490513.9494 -2227033.183 3932556.1953 4497784.476 -2223146.1117 3926483.5603 
4503513.0115 -2213212.232 3925540.5149 4511573.5238 -2207776.9028 3919379.0066 4514657.5062 -2206158.3817 3916753.8235 
4525515.6312 -2199053.6381 3908272.4919 4527204.2255 -2189323.7114 3911745.3904 4533881.8831 -2185334.6636 3906284.6146 
4536825.7191 -2183270.2564 3904028.9776 4543478.3099 -2180109.7441 3898096.4892 4541184.3131 -2169767.9583 3906475.6544 
4548104.2836 -2165811.0037 3900657.8658 4551564.2688 -2163822.9364 3897739.4764 4557674.8838 -2159732.102 3892897.0163 
4554431.7648 -2149670.6092 3902187.3236 4568233.346 -2140042.659 3891405.9184 4572757.5331 -2130707.5353 3891214.8786 
4576854.8241 -2127566.2029 3888136.9729 4579893.99 -2125093.8896 3885919.6959 4583589.8316 -2122296.4668 3883109.5498 
4585832.9351 -2120544.2559 3881427.412 4589394.707 -2118148.4724 3878553.4594 4592956.8586 -2115746.0425 3875666.9734 
4598869.9772 -2112024.9442 3870709.8134 4601208.4107 -2116536.218 3865497.4272 4604719.2893 -2121627.4477 3858564.5435 
4607726.9318 -2124138.1209 3853626.3735 4615838.7172 -2121143.2017 3845610.2979 4619508.7323 -2118339.5122 3842768.2486 
4627212.6117 -2114019.2782 3835918.5412 4632042.5384 -2110960.7424 3831795.8035 4638166.0666 -2107258.6341 3826462.6408 
4642855.8469 -2104588.8244 3822269.64 4649871.5272 -2100580.7866 3815986.9752 4652611.4101 -2096375.2524 3814961.1332 
4656141.2787 -2087288.7082 3815629.9624 4661857.2807 -2080037.3615 3812635.2332 4685630.9116 -2044150.364 3802949.9331 
4705989.7535 -1987241.9622 3807938.9963 4725921.3195 -1930148.9772 3812590.7965 4745362.1829 -1869939.9165 3818401.7487 
4764338.1701 -1809546.0827 3823837.0779 4777082.006 -1761437.4754 3830343.0655 4789533.0155 -1713233.3483 3836619.2737 
4802506.2511 -1617901.8291 3861533.8261 4806036.4995 -1573119.3273 3875526.8269 4818213.2928 -1526973.3406 3878840.209 
4844561.5933 -1457308.2846 3872856.8273 4875917.9471 -1383558.7558 3860616.2274 4892281.2846 -1346320.8069 3853122.7577 
4910397.023 -1328855.0976 3836217.8242 4914602.5572 -1262853.9798 3852982.6112 4918247.5054 -1196699.8023 3869295.0554 
4968828.2361 -1138332.3008 3822314.4565 5018415.0281 -1079741.7612 3774556.0255 5059374.2652 -1037195.9063 3731844.7673 
5055098.8476 -975591.45749 3754044.5037 5044291.9958 -928413.17225 3780278.1043 5034447.1793 -885612.37603 3803440.2559 
5055519.2871 -850107.64807 3783668.2062 5091075.0983 -786731.71341 3749781.9993 5125815.0973 -723234.76472 3715302.9234 
5161230.762 -651339.47092 3679645.3257 5179709.59 -611253.20596 3660630.9786 5204241.683 -552841.0778 3635213.1901 
5221306.1328 -552439.67584 3610885.0501 5237624.6538 -550521.68182 3587620.7321 5254689.1036 -534489.72049 3565178.6828 
5260506.5124 -496945.88953 3562043.4272 5257428.9865 -466647.04362 3570626.5454 5260939.8651 -433047.4914 3569689.9567 
5257307.8301 -372832.09281 3581739.5167 5207478.7252 -344228.17916 3656119.7047 5170138.9897 -338811.98242 3708873.6556 
5155629.8397 -296903.33828 3732430.8 5147065.7115 -260136.88834 3746863.61 5142732.944 -231093.33153 3754662.8194 
5158382.6358 -179390.91855 3736101.1949 5168036.0327 -136794.0991 3724618.6774 5169093.7779 -67466.733433 3725052.0301 
5161141.5088 273.99600003 3736591.8975 5149748.6243 59954.149056 3751699.6136 5135035.5213 111573.72393 3770510.0076 
5118621.2904 176077.47705 3790180.2707 5111146.8108 212423.36883 3798349.0262 5089157.1043 307130.40049 3821173.5349 
5076158.0422 381370.56068 3831694.0169 5062432.801 455553.39468 3841666.0666 5050466.4173 528493.66289 3848025.4512 
5031223.0504 598515.58927 3862852.8743 5031223.0504 598515.58927 3862852.8743 5026685.95 636371.61648 3862712.7278 
5017331.8362 687704.49516 3866051.5566 5004301.2507 726943.23465 3875679.8866 4977902.0569 755234.92831 3903977.7045 
4945009.7888 778091.29277 3940871.5539 4931730.4337 804407.64248 3952124.6717 4916660.6977 840434.97634 3963320.4396 
4903859.5119 872568.97223 3972164.4809 4891707.7854 895431.65088 3981977.3941 4891707.7854 895431.65088 3981977.3941 
4878645.2966 913814.86398 3993733.748 4863212.471 930120.85158 4008663.3375 4853386.6446 953741.80251 4014977.9055 
4848735.2242 974380.7475 4015628.1245 4846536.9372 1000040.754 4012002.5461 4851207.3476 1011497.6349 4003527.6711 
4850073.2625 1035991.6529 3998672.2977 4845179.5292 1068253.072 3996135.988 4856929.4264 1095232.1266 3974649.5175 
4844389.5435 1146386.5464 3975522.6796 4833264.0388 1188193.214 3976784.3778 4822170.4373 1212489.6407 3982869.5462 
4808840.189 1244948.6511 3988922.8113 4808840.189 1244948.6511 3988922.8113 4825910.7156 1308929.8933 3947900.1474 
4811153.1758 1334188.4503 3957381.4945 4814702.4143 1347792.7249 3948499.0933 4829115.8545 1343873.9403 3932314.2622 
4847263.1164 1337043.128 3912395.2296 4866869.9527 1335481.9568 3888672.1122 4884176.3356 1343045.5948 3864458.672 
4884176.3356 1343045.5948 3864458.672 4877600.4646 1383157.3064 3858653.7967 4865468.1079 1416909.8234 3861693.3424 
4844873.7895 1464941.9008 3869607.2516 4829243.0878 1491908.2321 3878770.3257 4809751.3311 1509080.7352 3896191.4084 
4785588.7842 1519154.8564 3921774.79 4762076.0765 1526469.9147 3947294.745 4748554.4086 1528681.02 3962600.3373 
4739952.3003 1542909.6871 3967347.4674 4720046.181 1541444.1308 3991414.3045 4706537.4262 1534887.3448 4009727.5393 
4698330.3108 1522946.2178 4023784.3466 4698330.3108 1522946.2178 4023784.3466 4702293.9119 1560999.7889 4004649.2229 
4704402.9458 1610217.1297 3982773.8364 4712355.2148 1676549.7186 3946083.94 4723633.7793 1719261.1667 3914306.767 
3274532.7051 5289358.8395 1407135.1751 3300925.4422 5286153.7006 1356942.8857 3327063.333 5282528.1222 1306642.3531 
3352927.3875 5278482.1043 1256233.3873 3378530.139 5274015.2671 1205716.1783 3403858.6743 5269127.9905 1155103.4494 
3428926.2865 5263819.8946 1104407.829 3424758.7323 5269140.5239 1091956.9144 3420030.972 5272205.5163 1091982.3611 
3400494.3988 5288810.787 1072675.1876 3376567.3285 5298228.7073 1101202.6901 3327566.5691 5338276.8023 1056324.6683 
3332530.5655 5336976.7442 1047282.8457 3311273.4947 5353569.4814 1029989.1862 3323915.544 5350001.2529 1007699.9118 
3299568.0342 5369709.8758 982728.10435 3318244.3585 5362516.0689 958992.35862 3286690.5084 5386704.0625 931898.60415 
3259666.5423 5407508.4107 906142.98284 3263846.6299 5406278.6157 898458.37837 3225856.6754 5434952.8162 862188.92151 
3235077.0993 5431135.8182 851694.2659 3192123.5282 5462600.795 811862.84727 3148825.6677 5493466.826 771942.31787 
3163526.0475 5487859.447 751615.61662 3105680.867 5527493.1793 701066.55183 3062383.1964 5557046.6187 656755.66766 
3014465.8188 5588492.6054 610246.44899 3028089.0834 5583853.7185 584962.35037 2983778.2942 5611597.4071 546125.01284 
2940569.6869 5638398.0503 503012.06785 2888344.7986 5669251.168 456974.37188 2902407.6827 5663955.9853 433085.70886 
2857421.4177 5688940.8009 403952.94634 2851489.1192 5691362.031 411669.45407 2809268.1838 5714027.4031 387443.07692 
2801863.9673 5716735.3828 400792.43401 2730070.6025 5754209.188 357972.57654 2723405.4784 5756783.4778 367084.54362 
2670944.9236 5783845.4239 325048.45257 2642079.6833 5794563.0226 367097.29068 2594907.8547 5818037.3704 330687.68732 
2552999.1156 5837886.1399 306276.56083 2574103.1266 5830590.1666 266298.63404 2593728.953 5823504.6029 228410.70355 
2559371.2234 5839498.3943 206905.21932 2524994.1241 5855320.1358 180448.66376 2543740.7116 5848113.4157 148219.08863 
2505419.3809 5865305.0988 118895.14388 2527396.3641 5856530.561 80382.779349 2476133.7011 5878819.9303 37537.451494 
2508987.7993 5864992.5227 -4326.5879347 2471048.928 5880954.4108 -37836.936291 2490024.7253 5872715.3921 -64338.082831 
2424106.3092 5899439.6954 -115741.00509 2454067.4647 5885988.2905 -160300.40954 2395636.2516 5908341.4664 -212939.49437 
2409877.642 5901803.5755 -232380.47643 2361596.985 5919084.5118 -282725.63566 2397726.2954 5902549.1245 -321403.67049 
2357678.2004 5915618.0699 -372908.55145 2315565.6981 5929094.9214 -419506.97583 2347527.6443 5913636.6491 -458038.47876 
2304599.5198 5926577.9815 -505904.96305 2359927.5706 5899790.2515 -560614.93546 2316202.814 5912349.5042 -608277.51419 
2354441.3481 5892220.4418 -654703.8888 2397643.4988 5870058.3057 -695478.30534 2344596.5316 5883872.8001 -756483.85575 
4210668.7467 -4478547.5657 1699042.8511 4208056.097 -4457303.0283 1759876.3043 4205004.0178 -4435600.0714 1820537.7077 
4199918.865 -4439538.2259 1822659.6547 4196210.49 -4421607.4505 1873737.5447 4192195.9956 -4403345.109 1924688.0114 
4182988.4849 -4411061.5218 1927020.1782 4173048.3384 -4380705.5633 2015215.0505 4178598.3675 -4375435.8273 2015157.7005 
4173022.8918 -4355280.9384 2069275.1362 4176132.3209 -4352458.2589 2068937.4933 4171710.3002 -4334017.7908 2115733.3192 
4167020.52 -4315303.1065 2162395.4551 4172207.0796 -4311371.7885 2160248.2513 4162680.9161 -4276650.7795 2245384.3979 
4179439.2464 -4261497.8671 2243071.411 4172162.643 -4233588.5854 2308084.9518 4164318.6171 -4239890.62 2310659.2416 
4157309.3934 -4213599.6695 2370205.5498 4167835.9523 -4204118.3224 2368568.0387 4157182.1601 -4180083.0088 2428662.3995 
4146075.6454 -4155614.3425 2488495.4574 4149420.9309 -4152887.3727 2487482.3388 4135217.9003 -4124334.3287 2557179.2032 
4074741.08 -4175444.1218 2571191.1939 4013614.4207 -4225891.1626 2584795.4686 4012556.6754 -4183683.1405 2653702.1574 
4018425.3573 -4178502.6577 2652994.9683 4020407.1579 -4133045.0599 2719894.5998 4043550.3194 -4114578.7654 2713624.4684 
4043065.6936 -4085057.2293 2758279.5471 4042288.6212 -4055248.9436 2802749.6628 4056816.7613 -4042524.0977 2800156.193 
4055128.1669 -4029213.2192 2821559.8669 4051253.819 -4032430.8915 2822515.6356 4046570.4954 -4002603.6158 2870949.1625 
4041562.0623 -3972451.2305 2919159.7463 4050737.6697 -3964435.5347 2917350.1854 4047061.198 -3936022.6371 2960316.4798 
4043116.9667 -3907354.8932 3003085.2778 4048603.1892 -3901817.7774 3002887.7814 4047073.7314 -3849025.8465 3071826.5634 
4052808.7234 -3843660.4006 3070979.0379 4052668.577 -3790855.5565 3135693.1057 4055943.5992 -3787166.1716 3135916.0488 
4051891.1247 -3742721.5025 3193589.1795 4094353.9932 -3704260.2153 3184324.129 4090365.3252 -3655374.1558 3244953.819 
4085758.3416 -3605940.4235 3305099.0732 4103128.1512 -3589940.1755 3301027.2288 4105065.515 -3532158.8016 3360019.4077 
4115413.5675 -3521434.7463 3358624.0196 4112170.0687 -3466361.7318 3418941.3235 4108245.2073 -3410721.2949 3478691.5848 
4115808.5604 -3403202.3785 3477130.2238 4093576.5409 -3362415.1912 3542010.0746 4146572.8047 -3309833.2901 3529954.0579 
4198995.1894 -3256780.0562 3517394.8052 4194292.496 -3239098.0504 3539110.6753 4203990.7093 -3229660.7602 3536249.6359 
4193668.1035 -3198928.7989 3575947.1748 4199409.1723 -3192678.0374 3574806.633 4188149.9777 -3161282.944 3615409.2371 
4198943.9163 -3148277.8051 3614249.3255 4195146.2882 -3136610.7044 3628675.679 4204952.7447 -3125504.1897 3626916.8215 
4188283.6676 -3084831.7022 3680269.7182 4238641.835 -3029917.8243 3668296.4981 4288413.2102 -2974577.0502 3655807.5085 
4270539.7847 -2930616.6272 3711435.0321 4277338.9785 -2921676.6862 3710664.0365 4262065.2895 -2890237.156 3752336.9193 
4266818.4965 -2884164.711 3751610.7402 4262415.4658 -2873045.6629 3765042.7752 4274891.922 -2858734.0093 3761799.2764 
4252895.7589 -2825051.7554 3811513.6814 4269571.2926 -2806024.8749 3806964.0477 4259930.4292 -2790235.0366 3829145.1738 
4271998.9793 -2774789.2978 3826940.4302 4266563.6501 -2764715.2716 3840187.8819 4279702.8587 -2748332.7541 3837345.8326 
4274566.8125 -2738494.3943 3849994.3385 4288763.7663 -2721169.0214 3846508.9066 4279524.3523 -2703582.3455 3868989.3157 
4321598.6845 -2649981.0591 3859354.9089 4303769.6958 -2624072.378 3896548.0413 4318928.6849 -2602318.3379 3894381.6576 
4297130.398 -2541873.6109 3957477.2043 4305745.0397 -2529206.1149 3956240.9527 4287005.2886 -2492229.4689 3999526.0899 
4267882.6983 -2455042.4134 4042454.2143 4273069.6378 -2444222.6483 4043524.493 4210668.7467 -4478547.5657 1699042.8511 
4276064.3671 -4419880.4963 1689363.8177 4340632.0217 -4360378.6247 1679378.8548 4352815.2716 -4373562.2699 1612663.9963 
4364494.9057 -4386229.7659 1545764.3648 4371338.5363 -4380718.0967 1542049.5332 4384528.6381 -4392079.4578 1471129.1406 
4397132.3276 -4402867.3196 1400017.6132 4457265.0483 -4343894.5105 1394123.4847 4465102.6175 -4353885.5503 1337075.0313 
4495120.9331 -4323408.4353 1335399.1603 4503309.0584 -4334024.2474 1272297.2519 4511044.8411 -4344200.2501 1209067.9203 
4547033.6251 -4307172.3311 1206716.5736 4582742.496 -4269858.0422 1204282.5252 4618138.7908 -4232263.4604 1201765.5854 
4653235.8027 -4194394.6624 1199178.5722 4688020.6182 -4156251.6482 1196508.6676 4722505.7709 -4117828.7208 1193755.9664 
4735096.9269 -4128202.22 1105350.8744 4751116.1649 -4109959.2483 1104618.0487 4759189.5905 -4117420.8148 1040617.7216 
4775521.0247 -4098935.5302 1038801.704 4781822.6795 -4106084.9004 980306.68437 4820118.3736 -4061735.9412 977515.81317 
4826222.9118 -4069936.6 911476.33553 4860376.8783 -4029544.4055 909481.90659 4894193.2018 -3988878.3746 907423.76608 
4927671.5026 -3947938.1275 905308.27564 4960812.1605 -3906717.9673 903122.71196 4967095.2051 -3909629.9 855033.18965 
5012814.1057 -3851421.6299 852382.46495 5057864.1772 -3792690.7539 849623.40206 5061725.6119 -3793742.4223 821656.67546 
5114230.7932 -3723580.302 817521.21449 5118793.3402 -3725421.5763 779945.52773 5163645.9153 -3665072.3691 770190.01195 
5167341.377 -3667200.7728 734704.3215 5222357.4214 -3588379.1943 734908.22706 5276175.1943 -3508722.8136 735112.13261 
5281738.1365 -3511876.6794 678312.16389 5288543.4072 -3502216.826 675209.00148 5293035.691 -3504287.8797 627954.23386 
5325169.497 -3455299.6538 627699.34005 5335906.4655 -3454567.018 534196.60923 5345470.989 -3453075.9201 440579.17857 
5373730.4471 -3408561.3678 443414.72384 5401620.7387 -3363810.5793 446212.05166 5429147.9409 -3318830.771 448990.24701 
5456299.1402 -3273615.1063 451730.17743 5465564.0008 -3269364.7556 362178.11076 5473726.2998 -3264458.4889 272549.56171 
5480799.33 -3258895.5467 182863.65087 5520796.5317 -3190887.2766 178906.64879 5528372.798 -3181565.0661 88774.703454 
5567337.3213 -3112702.814 94509.505581 5613432.6046 -3028401.2797 106100.17727 5640366.9376 -2977718.3826 112166.31999 
5666836.3945 -2926787.0958 118213.34211 5709012.5134 -2843173.5706 129052.12098 5719137.6228 -2825166.4553 55461.888973 
5749780.7107 -2762128.2585 61923.095729 5779729.1429 -2698745.9621 68371.561356 5789809.4358 -2677794.8209 -27233.927669 
5798500.7973 -2656193.6506 -122833.0491 5824364.8517 -2599349.0553 -115103.80617 5849661.4838 -2542255.8804 -107361.82804 
5874117.2369 -2485615.2381 -98014.105562 5898012.404 -2428732.4728 -88666.377146 5933039.1526 -2342315.2581 -75731.222503 
5954436.3699 -2287694.5864 -65516.901422 5975310.9813 -2232876.2283 -55302.586276 6006603.9083 -2147682.542 -37116.899259 
6036979.2366 -2060997.9476 -19606.643451 6054069.133 -2010321.3172 -8098.8120991 6070712.7635 -1959492.0069 3409.019995 
6089758.6341 -1899416.826 16656.408724 6108173.6555 -1839156.6821 29903.796712 6116400.1408 -1811553.14 33280.955723 
6123912.6005 -1785211.2962 -61923.095729 6130609.628 -1762233.9177 -57851.387881 6135643.5077 -1740906.7737 -127274.33279 
6144086.4794 -1711436.3208 -119481.36641 6147673.6979 -1694537.8439 -166251.85242 6169860.9009 -1613963.8646 -144829.18849 
6190920.4752 -1533096.8689 -123381.03043 6210845.5846 -1451936.667 -101907.39012 6215210.6352 -1426875.6064 -167787.50572 
6218817.2235 -1401629.6777 -233648.48886 6232281.1618 -1343376.876 -216558.78232 6234237.5157 -1325000.0246 -267158.83537 
6235747.6037 -1306534.0149 -317733.41802 6230356.7111 -1327631.6643 -335351.99717 6230414.0611 -1312670.2664 -388621.90738 
6230000.0782 -1297600.4355 -441866.32347 6221378.6001 -1333385.6463 -456420.00514 6218708.9803 -1326204.3729 -510193.29384 
6216057.9708 -1337654.7972 -512563.67809 6215146.8287 -1323171.2837 -558798.91795 6225342.2012 -1278376.1535 -549565.86564 
6222621.3083 -1267830.5097 -601975.57452 6230624.4707 -1229955.255 -597770.0403 6227718.6148 -1213050.4165 -659049.56952 
6221442.4067 -1239449.6103 -669015.39999 6214318.4831 -1228273.1173 -750347.60419 6193577.5616 -1315728.8023 -773051.05135 
6171536.9618 -1402910.4609 -795588.81041 6148183.3906 -1489786.38 -817960.92886 6144041.6629 -1473849.9386 -875512.8082 
6139364.7959 -1457779.8073 -932994.6143 6144149.9062 -1440091.1549 -928954.76818 6134133.4198 -1418770.3725 -1022584.9696 
6127608.4421 -1442658.9881 -1028217.7953 6120306.0122 -1431705.5331 -1085068.7522 6116004.7681 -1447463.5631 -1088388.591 
6104102.191 -1428736.2505 -1175844.276 6090969.439 -1409715.8266 -1263057.8379 6076071.7528 -1461462.8305 -1275840.0337 
6060714.8874 -1513095.1347 -1288533.0713 6044906.059 -1564612.739 -1301117.7707 6028638.4313 -1616022.0051 -1313613.3118 
6021094.0683 -1602953.0597 -1362983.5224 6022846.0894 -1598174.0263 -1360868.032 6016907.5241 -1588724.3925 -1397443.3234 
6025414.3023 -1563899.0933 -1388841.1202 6013689.8518 -1545190.8656 -1458385.1148 6007368.8271 -1564759.3421 -1463520.9711 
5997090.6579 -1555322.3367 -1514490.6178 5986398.5059 -1545783.4498 -1565358.2879 6012880.4963 -1459423.775 -1546777.4835 
5996013.9227 -1432342.7439 -1634475.3864 5977853.7476 -1404968.6964 -1721829.1898 5973233.8507 -1421204.5158 -1724505.2662 
5961126.9407 -1402407.1299 -1780502.5259 5944470.7768 -1456823.9436 -1792379.8463 5927317.0738 -1511119.7907 -1804098.0302 
5918721.4222 -1501854.9301 -1839468.8784 5914891.8908 -1515255.2517 -1840800.6499 5899280.5588 -1495400.1206 -1905546.621 
5882974.5712 -1475366.4832 -1970056.7358 5900510.3538 -1418649.311 -1959300.7772 5917523.5305 -1361798.354 -1948379.2255 
5903078.187 -1347627.0368 -2000980.1166 5888167.5875 -1333360.1047 -2053427.948 5895998.7001 -1304647.9241 -2049426.3668 
5877214.1325 -1288998.2323 -2111910.2443 5857766.8126 -1273195.6707 -2174170.9889 5868860.414 -1241533.1975 -2162612.1315 
5853816.1247 -1228489.6987 -2210000.8264 5850477.2959 -1240443.6439 -2212160.9434 5820904.8665 -1212151.9028 -2303337.8216 
5814392.802 -1236588.5709 -2306778.6269 5796665.5998 -1216217.2905 -2361201.9922 5794136.1265 -1224806.7704 -2362973.3831 
5780181.4857 -1209564.8897 -2404340.3363 5763715.9817 -1263472.0107 -2416045.7969 5746779.5248 -1317264.4318 -2427553.5711 
5737660.8875 -1308948.9782 -2453309.1924 5722075.0022 -1356840.9092 -2463612.8082 5706107.0373 -1404650.0435 -2473756.9077 
5679529.3372 -1380710.4397 -2546818.2374 5683072.119 -1371764.137 -2543772.4249 5658743.979 -1350806.6341 -2607983.0668 
5633695.3568 -1329683.4431 -2671849.6091 5616108.681 -1380551.1133 -2682975.1139 5584344.4211 -1357516.3849 -2759413.6323 
5570874.0263 -1393983.3382 -2768385.4766 5535878.8011 -1361339.5547 -2852961.0372 5539893.2955 -1349417.5127 -2850852.0033 
5501355.2885 -1318959.3878 -2937816.8907 5461466.7099 -1288176.2484 -3024042.8756 5478626.4896 -1239245.6573 -3013503.5934 
5445205.1589 -1210425.1385 -3084481.336 5445205.1589 -1210425.1385 -3084481.336 5421049.0687 -1277726.2194 -3099742.3017 
5396287.576 -1344466.5245 -3114576.1814 5368104.0781 -1320526.9207 -3172599.6784 5371761.5597 -1311077.192 -3170331.3181 
5339481.1506 -1286118.1079 -3234025.8107 5306327.5795 -1260878.6359 -3297471.9136 5302147.4919 -1272813.4012 -3299599.9374 
5277627.9323 -1254525.708 -3345280.858 5252668.9432 -1236384.6179 -3390713.3889 5230984.9763 -1292891.5703 -3403043.242 
5208944.3765 -1349347.4395 -3414837.5759 5181710.3806 -1334883.011 -3461327.852 5147913.4269 -1318577.1183 -3517178.3187 
5135921.2167 -1347556.9636 -3523671.3932 5111739.3 -1323426.1301 -3567415.3297 5082014.1907 -1387815.1833 -3585256.8519 
5059004.719 -1363448.6834 -3626630.0719 5049695.4217 -1378212.5849 -3633964.4051 5028183.5046 -1356707.1244 -3671444.2871 
4995603.4327 -1435050.8185 -3686004.3304 4961850.9157 -1513381.8843 -3700137.4776 4931711.4437 -1574215.3375 -3714926.9207 
4914162.7479 -1541800.9536 -3751349.4372 4897557.4772 -1505251.2038 -3787491.281 4882417.4781 -1533835.9612 -3795507.3566 
4860956.8341 -1517103.0775 -3829393.5635 4835831.872 -1500038.9126 -3867478.848 4821584.0249 -1523303.0407 -3876113.2393 
4789373.4992 -1499777.6096 -3924584.9361 4770263.8221 -1463017.5451 -3961313.1924 4779675.2858 -1442933.0143 -3957362.5045 
4780076.7353 -1403318.2721 -3971011.4057 4765962.9579 -1370559.8837 -3999131.0971 4736135.6821 -1354942.0951 -4039408.2119 
4714661.7451 -1345001.7588 -4067559.8066 4695456.738 -1383246.4646 -4076882.0171 4660869.4189 -1377938.6535 -4117879.6141 
4644741.9376 -1408294.8019 -4125774.5333 4616564.8963 -1395283.2064 -4161425.6744 4591242.8176 -1381245.674 -4193776.3467 
4568615.8054 -1368737.5045 -4222303.9441 4556343.3022 -1335099.6873 -4246103.4014 4520927.6376 -1314702.8654 -4289802.5215 
4477559.7038 -1320354.8709 -4333036.3855 4477559.7038 -1320354.8709 -4333036.3855 4441857.6694 -1301379.0736 -4375040.8344 
4421913.1901 -1288412.0098 -4398852.8252 4392143.2643 -1266530.5465 -4434650.5694 4362092.6657 -1244566.2866 -4470142.9539 
4331755.6973 -1222525.5919 -4505354.2857 4301138.056 -1200408.3672 -4540266.7143 4323478.3187 -1149903.8815 -4532161.3855 
4286399.8861 -1125753.9631 -4572986.9328 4311524.4684 -1059810.1952 -4565174.8102 4246179.7414 -1025025.3797 -4633387.0332 
4179783.3459 -989992.17439 -4700433.2678 4200352.2177 -939672.46181 -4692480.9988 4220608.8932 -889282.67598 -4684171.7169 
4240559.4492 -838822.81691 -4675512.2588 4260185.2756 -788299.24625 -4666508.7011 4220519.64 -766679.03844 -4705728.4505 
4180484.4582 -744995.11904 -4744527.3807 4140085.8071 -723247.48805 -4782899.7946 4099317.9896 -701442.50715 -4820851.3892 
4118969.2626 -646668.77568 -4811815.9282 4138269.9795 -591844.10343 -4802366.1046 4112635.3247 -579609.86522 -4825662.3259 
4114292.0158 -575359.75188 -4824770.1738 4051088.2258 -543238.47932 -4881257.9463 4057861.5932 -529392.12915 -4877179.6453 
4008605.9875 -503458.09641 -4920178.0329 4033227.3338 -435290.45248 -4906631.2981 4057319.9973 -367059.04949 -4892427.8877 
4019470.1893 -347649.94696 -4924759.5699 3981334.0116 -328221.71196 -4956753.2294 3942923.6176 -308768.00658 -4988390.2559 
3904239.0075 -289288.80706 -5019670.2697 3911732.4772 -270491.39746 -5014917.0628 3844839.3023 -231583.96295 -5067957.3834 
3777124.2385 -192631.93745 -5119889.4453 3708599.4394 -153641.65889 -5170706.0323 3735444.8991 -90131.939404 -5152966.2967 
3699895.5445 -59068.44173 -5178823.8945 3664084.887 -28004.941089 -5204311.9462 1969349.3568 5398855.4091 -2759732.2851 
1920272.2574 5395319.0839 -2800653.3523 1898473.5907 5410720.0062 -2785870.176 1862988.0427 5408757.5755 -2813314.3916 
1851320.942 5418188.0293 -2802921.7125 1803416.0979 5414950.9871 -2839917.5384 1791570.6807 5422482.8167 -2833080.3645 
1754351.7219 5420450.1228 -2859951.0809 1758799.3791 5415721.9827 -2866131.9591 1709276.2038 5408821.382 -2908524.9442 
1659580.9786 5401333.9891 -2950618.2665 1642389.2956 5413447.3557 -2938103.6403 1613122.7957 5410949.4059 -2958710.682 
1601653.1914 5418959.0249 -2950325.2501 1555143.9253 5412204.6475 -2987129.8463 1508500.8743 5404966.0242 -3023679.5962 
1525393.0845 5387831.691 -3045561.0595 1482617.8299 5379567.2257 -3080842.8444 1439727.8754 5370895.2341 -3115888.9629 
1444105.4594 5366096.8308 -3122076.1077 1379270.3301 5354002.8341 -3171433.69 1394652.3573 5340430.6526 -3187446.2814 
1379021.8454 5338015.4994 -3198196.1632 1388681.7938 5328400.0826 -3209952.517 1346390.8802 5319785.4409 -3241888.8266 
1304010.7133 5310787.9601 -3273589.6597 1308350.0324 5305887.7702 -3279751.168 1251569.1487 5290136.2917 -3326712.7769 
1275253.8112 5269165.9706 -3350754.5471 1231815.8991 5256989.1772 -3385711.4124 1188282.4672 5244391.9444 -3420394.0616 
1144659.6871 5231367.4357 -3454802.8743 1100941.3871 5217935.4007 -3488924.9375 1158996.6924 5164626.9407 -3548528.5957 
1101661.4894 5146078.2294 -3593158.2277 1044192.4067 5126815.4926 -3637290.7004 1047811.7183 5123756.9568 -3640533.8194 
1011523.1765 5110210.222 -3669520.2162 1058287.289 5066217.8957 -3716711.2248 1009700.7024 5048420.8102 -3754006.5236 
961012.32916 5030120.4886 -3790919.363 1005233.9602 4988250.1094 -3834242.8601 1049315.4446 4945685.0746 -3877036.9148 
983199.62704 4923179.2188 -3922443.9991 1022686.8512 4887438.8244 -3956667.8488 989323.06033 4875427.6242 -3979747.2038 
1023107.4806 4843713.8779 -4009606.3828 993171.77171 4831447.8314 -4031723.7024 1021246.8365 4805564.7869 -4055414.9165 
980491.45746 4787366.2519 -4086663.027 1024260.7457 4747222.827 -4122365.4413 961738.69818 4720231.144 -4167861.3989 
947242.36643 4722728.714 -4168345.645 885778.06413 4696418.7734 -4211076.273 824179.977 4669388.7305 -4253150.6052 
790236.32526 4703854.8932 -4221704.9983 756222.60028 4737951.5097 -4189902.3786 682020.63382 4704989.3582 -4239157.6045 
607678.52086 4670994.5283 -4287464.088 533202.57559 4635954.8664 -4334820.6897 502413.07452 4665202.5661 -4307217.1476 
471591.71766 4694156.6799 -4279339.7691 440732.14334 4722811.8904 -4251194.6311 409847.02742 4751167.0582 -4222781.7335 
378942.85025 4779229.3997 -4194101.4562 348013.15521 4806992.0783 -4165146.9626 301102.4871 4788545.1536 -4189813.1254 
254172.71027 4769722.2261 -4214154.1786 207223.80097 4750542.6657 -4238163.6658 160255.79482 4730980.6459 -4261848.4232 
125483.79754 4755225.9893 -4236130.9719 81810.106348 4736957.571 -4257464.3826 38130.047556 4718370.4998 -4278530.4136 
-5550.011978 4699471.2324 -4299309.3152 -49236.443561 4680259.3889 -4319801.847 -92910.134755 4660742.1856 -4339994.7159 
-136577.44648 4640918.8628 -4359907.2919 -180232.02302 4620783.3438 -4379526.6616 -223886.58768 4600341.7053 -4398865.7384 
-267515.68195 4579594.707 -4417905.1523 -311119.2821 4558548.0459 -4436651.7398 -354710.13518 4537195.2653 -4455104.7413 
-398275.49413 4515543.2017 -4473258.8396 -387978.33493 4501805.4271 -4487888.7663 -454444.6612 4468957.5956 -4514230.6101 
-520847.27588 4435421.9449 -4539884.2549 -483443.63889 4397431.9904 -4580518.3825 -445995.37531 4358957.7899 -4620643.1973 
-490542.0683 4333654.7012 -4639765.4078 -535044.08723 4308026.5031 -4658543.8986 -579507.8887 4282086.1087 -4676984.3667 
-623920.7494 4255833.1382 -4695074.2786 -668288.98349 4229268.3513 -4712820.4708 -712612.63847 4202391.3682 -4730222.1837 
-765328.18195 4252666.3592 -4677111.5999 -807867.62774 4228185.1594 -4692028.656 -850311.50615 4203436.2001 -4706646.0493 
-892723.57625 4178407.3277 -4720957.3231 -935033.66983 4153129.3058 -4734963.237 -977311.86014 4127564.9142 -4748663.0316 
-1019564.6038 4101745.6763 -4762044.1732 -1061702.6476 4075652.2222 -4775132.1087 -1103738.7149 4049316.8349 -4787901.7711 
-1145742.9739 4022700.7749 -4800365.314 -1187715.3296 3995823.7917 -4812523.1173 -1203600.6879 4013850.2769 -4793661.8299 
-1254736.0227 3982901.4494 -4806259.4426 -1305718.3927 3951608.5224 -4818417.2459 -1300601.6214 3946504.7593 -4823941.8283 
-1369451.1502 3899409.0807 -4843019.6021 -1369451.1502 3899409.0807 -4843019.6021 -1437886.4112 3851542.7864 -4861326.3803 
-1462960.1952 3837549.7856 -4864894.6087 -1481298.8766 3833108.3951 -4862855.4583 -1492934.074 3816764.4274 -4872082.3388 
-1508239.6663 3796590.5485 -4883041.8706 -1590158.0456 3752184.2394 -4891312.7925 -1652571.7549 3707548.1508 -4904553.7877 
-1692396.9069 3737458.2231 -4868380.0406 -1762750.067 3695683.5537 -4875255.5745 -1798745.4976 3689929.5716 -4866519.3965 
-1827687.0779 3705203.2607 -4844230.0272 -1862376.3735 3713416.8327 -4824821.0671 -1906050.0469 3657904.0089 -4849939.5726 
-1938916.6785 3616976.675 -4867455.9853 -1963735.7111 3609680.7017 -4862951.1681 -2009416.6317 3571091.8014 -4872700.2747 
-2061494.9169 3531642.6523 -4879645.6919 -2098560.816 3560374.2027 -4843076.952 -2146236.0706 3594356.1194 -4797173.0883 
-2185697.9431 3559061.6112 -4805609.6034 -2151276.407 3519242.9159 -4849958.5626 -2172393.1414 3494716.8996 -4858216.5713 
-2189164.385 3473109.6525 -4866124.4037 -2210657.1221 3462965.1732 -4863658.3571 -2229212.29 3459454.2947 -4857726.2485 
-2250851.6303 3464284.2214 -4844376.6303 -2267890.4436 3448857.8525 -4847409.7195 -2316253.8972 3463768.0721 -4814020.6718 
-2340652.3004 3469248.2178 -4798351.6102 -2355862.1829 3464851.6438 -4794114.5525 -2373149.3858 3439172.1725 -4804003.8056 
-2388028.082 3411473.3005 -4816282.3856 -2385969.9415 3391739.2309 -4831110.1885 -2382325.1832 3369411.5016 -4848384.6681 
-2413547.847 3334671.5026 -4856897.5232 -2439660.2912 3348798.1932 -4834232.5308 -2468576.6147 3364989.481 -4808413.2929 
-2499206.7894 3385634.6927 -4778203.5577 -2520954.3729 3362364.2979 -4783180.0876 -2544040.1845 3337959.4381 -4788010.0143 
-2512970.2005 3305564.3291 -4826484.2148 -2492388.6055 3284077.8587 -4851583.3504 -2472227.6398 3263776.7465 -4875382.8077 
-2528600.7124 3200381.537 -4888394.4032 -2579302.7894 3138751.6415 -4901756.5548 -2632273.2267 3074489.9164 -4914226.5544 
-2664477.2959 3037608.7904 -4919763.6702 -2699892.7706 3050066.0666 -4892854.7838 -2739341.9198 3014612.232 -4892899.6003 
-2797206.0903 2951249.1156 -4898748.9123 -2834609.6324 2910315.3251 -4901718.195 -2871783.9646 2869177.7716 -4904311.8546 
-2893429.5716 2868687.0689 -4891943.6417 -2939703.1714 2816513.2638 -4894658.078 -2976565.1175 2780938.2727 -4892727.5505 
-3012063.5787 2740769.2112 -4893664.1393 -3045529.3461 2703856.1819 -4893485.6329 -3077153.4594 2664579.2724 -4895238.0338 
-3100360.2376 2634420.6204 -4896907.6381 -3045535.6128 2579787.0355 -4959569.8321 -3004926.9319 2538196.9492 -5005282.2762 
-3030051.704 2513543.6997 -5002593.6663 -3001218.367 2482824.2719 -5034988.7753 -2972155.6302 2451971.1542 -5067033.3281 
-2924773.5819 2403805.197 -5117091.8326 -2901477.5505 2378297.9654 -5142044.745 -2922282.0886 2328571.0269 -5152934.3934 
-2942908.1204 2278639.9455 -5163441.9622 -3001205.6437 2198320.8125 -5164697.2039 -2978897.2843 2141973.3764 -5200915.7674 
-3023380.1233 2085613.0271 -5198169.4279 -3080823.8543 2009818.0811 -5194326.9832 -3080823.8543 2009818.0811 -5194326.9832 
-3049817.6769 1977327.2624 -5224798.0213 -3018550.1965 1944874.6136 -5254841.7835 -2987066.2297 1912294.5417 -5284509.9227 
-2955391.0332 1879529.6967 -5313795.6026 -2923492.7037 1846656.6085 -5342692.7462 -2891390.6111 1813624.1938 -5371207.4304 
-2899999.1759 1806780.5632 -5368887.9869 -2930113.2013 1774124.1513 -5363465.1911 -2886681.6509 1724224.9732 -5402875.9804 
-2857650.8174 1690141.08 -5428842.2012 -2828409.7642 1655968.1236 -5454451.0295 -2791235.4319 1611134.7284 -5486712.4486 
-2819406.0166 1580045.7544 -5481385.7424 -2787558.7703 1544661.993 -5507517.1766 -2755482.1243 1509208.1584 -5533260.0746 
-2806292.4446 1462546.0224 -5520324.8191 -2856765.1219 1415686.39 -5506727.191 -2807337.4665 1351443.8449 -5547858.098 
-2757355.4918 1286889.1035 -5587855.2997 -2706812.9311 1222117.7807 -5626711.5798 -2655715.8612 1157110.6017 -5664421.2413 
-2725298.0257 1102751.043 -5642323.2915 -2794357.7743 1048104.8296 -5619065.4302 -2862824.8436 993299.19487 -5594667.027 
-2878493.7154 978350.52037 -5589295.5043 1076313.6792 -4318845.8884 -4554444.2983 1026146.8365 -4332335.6531 -4553220.9599 
949428.02507 -4340173.2223 -4562339.2174 944508.84515 -4355280.9384 -4549021.8823 935511.55418 -4397527.3204 -4510337.2722 
929821.37865 -4453333.3504 -4456799.7923 874359.44813 -4453900.393 -4467377.2445 818757.37113 -4454849.895 -4476890.8746 
763097.99168 -4455455.2975 -4486047.1122 697689.41063 -4458679.4264 -4493445.2519 632204.34719 -4461425.766 -4500352.3092 
622397.84315 -4507151.5031 -4456239.2063 613528.02283 -4568207.8993 -4395291.0533 608672.55449 -4628862.8461 -4332469.3429 
531717.93428 -4629098.7024 -4342275.7995 532144.83038 -4637344.1777 -4333469.7382 525479.7062 -4687491.5557 -4280359.1545 
520758.07017 -4729202.7984 -4235118.0432 515972.72256 -4770480.6883 -4189469.0259 460510.79205 -4771270.674 -4194993.6082 
405017.05322 -4771691.4933 -4200199.5378 313355.83404 -4768307.848 -4211783.8418 221630.90327 -4763923.8074 -4222488.5273 
215743.18385 -4782542.7818 -4201830.7822 129682.94636 -4782275.0223 -4205647.4004 62598.529905 -4779248.3897 -4210585.5703 
-4498.6321321 -4775686.6179 -4215058.8641 -7340.5442596 -4803150.0134 -4183937.9869 -61935.842793 -4801015.1532 -4185926.244 
-116518.3861 -4798517.5831 -4187614.8384 -124298.60542 -4825420.013 -4156570.3011 -128242.8723 -4857917.2883 -4118682.513 
-132174.39211 -4890108.4442 -4080533.0422 -137851.84432 -4924370.6539 -4039210.7155 -143510.1878 -4958282.6872 -3997595.1827 
-202349.22391 -4952528.7051 -4002151.273 -261175.52483 -4946341.3703 -4006369.3407 -267700.45504 -4983592.2325 -3959809.1812 
-347560.74125 -4974977.211 -3964403.6314 -359731.26787 -5026972.6996 -3897612.2432 -366447.35657 -5075157.6469 -3834446.4333 
-435564.43128 -5070742.0828 -3833076.4918 -504636.90314 -5065720.7365 -3831260.6642 -581177.39806 -5060463.9137 -3827379.8597 
-657635.00145 -5054467.9985 -3822957.839 -661579.2802 -5092712.7993 -3771516.8595 -752667.00017 -5086773.8543 -3762500.3886 
-852165.78859 -5075036.8702 -3757160.7692 -951454.26232 -5062050.7214 -3750884.1813 -1008878.7185 -5055360.1506 -3744945.616 
-1066226.7398 -5048242.3038 -3738694.4747 -1123498.3261 -5040697.9408 -3732131.5169 -1180604.1294 -5032752.1284 -3725268.8963 
-1251728.3801 -5021167.8243 -3717730.6101 -1322757.111 -5008908.2344 -3709714.5345 -1376371.1207 -4999962.0266 -3702323.2312 
-1429908.6955 -4990633.3594 -3694657.7117 -1489703.4885 -4976175.1027 -3690566.8774 -1549345.4116 -4961251.9698 -3686131.9435 
-1614339.8674 -4947552.1753 -3676701.4897 -1679149.4551 -4933310.7848 -3666863.1299 -1731234.1969 -4954994.7517 -3613370.0867 
-2878493.7154 978350.52037 -5589295.5043 -2862506.3807 931465.3464 -5605384.6257 -2830028.2853 888014.71102 -5628718.827 
-2797320.7902 844455.64252 -5651575.2389 -2823159.2081 821643.95213 -5642144.7852 -2844734.7418 800960.38055 -5634326.206 
-2865258.9869 780194.05988 -5626883.6296 -2879270.9777 765952.62194 -5621722.5165 -2848774.6829 728631.82899 -5642049.0754 
-2834087.2164 708247.77782 -5651964.155 -2801583.6743 666396.4836 -5673074.6226 -2791407.4817 651740.92036 -5679745.8236 
-2823223.0146 623309.03274 -5667282.2807 -2850093.731 591417.15986 -5657310.231 -2868132.7497 572696.25637 -5650160.8608 
-2891339.5278 549565.86564 -5640685.5905 -2872465.7071 526938.90086 -5652397.1279 -2847767.831 498653.61634 -5667339.6306 
-2833711.2136 477199.09662 -5676171.1385 -2809013.3375 444453.38407 -5690979.5716 -2778268.463 408279.54206 -5708636.5106 
-2753169.1375 378898.24739 -5722712.3079 -2739724.1893 359718.52081 -5730345.9241 -2698140.5597 301166.19869 -5753253.2294 
-2724182.9306 274696.93168 -5742370.0376 -2746064.3939 249234.39789 -5733162.5268 -2761573.7493 233737.69458 -5726408.1495 
-2782161.801 214953.05577 -5717232.542 -2763536.3699 190191.45622 -5727064.4453 -2742827.3517 165404.37441 -5737712.1606 
-2733970.3971 151940.34123 -5742274.3278 -2712133.5604 126095.50233 -5753170.4328 -2689219.7986 99129.206635 -5764372.2775 
-2679279.4622 82326.237828 -5769228.0307 -2660259.0383 57628.367666 -5778263.4916 -2640187.1359 28527.443133 -5787617.6054 
-2613896.3753 1688.5800617 -5799526.6392 -2588548.4701 -36282.168321 -5810696.9604 -2570216.2453 -54155.629411 -5818636.3163 
-2599642.2615 -94146.297332 -5805127.9414 -2623798.3518 -134200.6887 -5793543.6373 -2662699.4483 -198857.37099 -5774032.5108 
-2627780.9429 -226664.78303 -5788885.3805 -2591747.3423 -253299.73814 -5803904.2232 -2621542.7148 -289002.05746 -5788936.6536 
-2667790.678 -350415.39524 -5764531.7938 -2721513.1209 -416448.44002 -5735143.9476 -2662055.8759 -467335.24266 -5758924.4149 
-2669759.7553 -478492.60318 -5754470.4909 -2714580.2372 -522306.47054 -5729804.3282 -2758056.4141 -567203.57725 -5704883.3191 
-2809778.0664 -622244.92586 -5674030.2014 -2858861.4324 -680657.05401 -5642928.3142 -2842855.1077 -698326.57394 -5648816.366 
-2791203.7185 -740126.92738 -5669079.1183 -2730848.0548 -787133.16286 -5691941.9868 -2765244.1442 -845366.87958 -5667097.3177 
-2804947.9498 -908080.06185 -5638003.0575 -2772629.1808 -936435.51457 -5649262.2521 -2728668.7578 -970022.34346 -5664873.584 
-2749811.1287 -1006941.6395 -5648300.2167 -2690710.8965 -1048901.2719 -5668945.4284 -2704882.2137 -1071266.9812 -5658081.2266 
-2664024.9531 -1097978.4662 -5672233.3639 -2623613.5787 -1128984.5486 -5684881.8698 -2643398.7315 -1175697.6728 -5666345.6919 
-2674048.086 -1232523.1832 -5640003.8481 -2711840.3542 -1303723.9637 -5606072.8247 -2703295.5959 -1307929.498 -5609201.6237 
-2729624.5265 -1351380.1333 -5586255.9586 -2760917.4535 -1410219.1576 -5556460.5861 -2798811.6982 -1480706.1975 -5519286.0639 
-2836189.9835 -1550900.2211 -5481054.1763 -2789464.041 -1585793.2799 -5494932.4772 -2806904.3037 -1633067.085 -5472318.3782 
-2831602.1798 -1683692.6322 -5444364.28 -2857988.6502 -1766783.5515 -5404373.5349 -2885636.629 -1824787.8685 -5370525.6879 
-2862225.8978 -1846911.4548 -5375457.4013 -2872357.4638 -1888150.9849 -5355819.0415 -2898438.0047 -1956567.161 -5317338.3844 
-2912603.0552 -2008371.6098 -5290397.5947 -2926481.1662 -2060048.4456 -5262979.0156 -2903478.3411 -2072410.2019 -5270803.6716 
-2834909.1053 -2111228.312 -5292532.0752 -2762523.2513 -2151652.4098 -5314337.1985 -2713395.0688 -2180766.0398 -5327673.9035 
-2664012.0399 -2209745.7901 -5340557.8859 -2673085.8607 -2239726.1256 -5323621.0492 -2689226.0653 -2293168.0856 -5292857.1846 
-2712923.5461 -2342481.0412 -5259289.6307 -2736404.3505 -2330673.6041 -5252407.6402 -2748396.5607 -2367924.4663 -5229589.5882 
-2766499.3858 -2421971.6388 -5195410.1751 -2785577.1596 -2478542.3977 -5158656.4722 -2804342.7372 -2534807.0372 -5121265.4636 
-2780071.7572 -2545505.6459 -5129128.4795 -2724010.8808 -2576868.6461 -5143433.6765 -2738570.9242 -2628029.5225 -5109929.929 
-2682471.8778 -2653880.6638 -5126197.5567 -2615648.5863 -2689257.9685 -5142152.9882 -2530818.1794 -2726343.0476 -5164875.7102 
-2483359.6011 -2745879.6208 -5177460.4096 -2435728.7832 -2765224.9643 -5189694.5529 -2353523.7494 -2798958.3013 -5209371.2726 
-2307052.6532 -2814155.6504 -5221873.1754 -2260447.8672 -2829187.0265 -5234037.4353 -2177471.6477 -2865494.8432 -5249336.571 
-2183346.5964 -2918541.6205 -5217788.7976 -2148517.3441 -2935899.0866 -5222478.5779 -2074105.063 -2953670.5356 -5242365.3274 
-2025002.517 -2972773.756 -5250706.5125 -1975778.8146 -2991654.0334 -5258671.315 -1926650.632 -3006252.2467 -5268497.1414 
-1877401.4829 -3020640.2403 -5277978.4884 -1874808.0132 -3043292.6992 -5265954.7548 -1882320.6629 -3104655.025 -5227575.8843 
-1889157.8368 -3186388.5362 -5176013.7484 -1824086.9461 -3199910.2042 -5190892.4446 -1754402.8051 -3220345.0062 -5202189.9991 
-1759468.5881 -3265917.6836 -5172184.217 -1771651.8381 -3326802.0301 -5129326.3557 -1773302.0725 -3383238.9092 -5091960.7937 
-1860305.3198 -3359260.9456 -5076872.0677 -1860534.7195 -3373833.9021 -5067179.9312 -1856526.8716 -3430423.4612 -5030770.3278 
-1856628.8481 -3474237.2811 -5000777.4589 -1856609.6681 -3517796.2546 -4970440.4905 -1856316.4619 -3562616.9264 -4938746.114 
-1855832.2159 -3607189.2085 -4906682.1914 -1849383.7681 -3660834.9316 -4869495.1358 -1842725.1005 -3714098.5751 -4831791.9309 
-1759481.3114 -3733501.4584 -4847734.8289 -1710588.7953 -3743849.5109 -4857178.196 -1661569.0459 -3753961.7071 -4866321.9001 
-1669839.9678 -3795902.3495 -4831059.2952 -1672815.7071 -3842080.0495 -4793636.3833 -1675619.3966 -3887939.4765 -4755786.9551 
-1681060.9925 -3935296.0782 -4715012.3012 -1686286.1019 -3982302.5036 -4673772.7711 -1689306.4678 -4041383.5559 -4622032.1288 
-1692020.9041 -4099866.0421 -4569584.2974 -1710493.2754 -4094073.7002 -4567914.6931 -1711907.8435 -4122734.9875 -4541706.5392 
-1716508.5604 -4168485.7914 -4498294.1687 -1721000.6543 -4213816.1559 -4454422.9989 -1720592.9382 -4264830.6191 -4406084.9919 
-1719911.1958 -4315373.3697 -4357198.9324 -1718904.3438 -4355217.5117 -4318036.9127 -1717763.8021 -4394730.0875 -4278542.9471 
-1686133.2321 -4403083.806 -4282506.5482 -1700374.6226 -4468753.6426 -4208705.9362 -1709766.9064 -4511904.7101 -4158908.7346 
-1718942.5138 -4554577.9881 -4108640.2001 -1722268.8092 -4598347.3713 -4058524.3456 -1725378.2383 -4641626.0519 -4007962.605 
-1796566.2006 -4615086.7116 -4007331.7559 -1798968.4407 -4621745.3792 -3998627.4812 -1797802.4522 -4667114.1036 -3946472.856 
-1796394.1509 -4711941.232 -3893846.5183 -1794960.5927 -4758265.5351 -3838142.2749 -1793354.795 -4803958.9891 -3781934.7954 
-1817039.5525 -4798765.9729 -3777257.9284 -1818282.0708 -4808132.6201 -3764806.9189 -1815835.2041 -4836329.0312 -3729945.7633 
-1843260.2398 -4828281.0524 -3726944.5775 -1852799.1267 -4857847.0252 -3683831.49 -1853786.7987 -4873203.5108 -3663128.9284 
3664084.887 -28004.941089 -5204311.9462 3648358.8552 -66166.847404 -5214933.835 3637462.7502 -101977.4871 -5221917.6121 
3589494.2894 -101123.63557 -5254797.3468 3588187.7747 -130320.14528 -5255045.7366 3581344.5239 -181187.81546 -5258187.0689 
3575367.5988 -232476.04381 -5260219.7628 3571231.9479 -253236.02656 -5262054.9603 3564738.8735 -292487.53685 -5264406.307 
3527749.3143 -288511.42605 -5289320.8594 3492416.826 -286727.26433 -5312655.0608 3485063.5028 -332401.75205 -5314808.9111 
3477162.127 -368951.54938 -5317548.794 3448188.6435 -368161.4213 -5336314.3716 3423994.1933 -367747.22479 -5351792.0136 
3418514.4274 -391795.16678 -5353575.938 3410829.5381 -418748.70354 -5356417.9873 3382831.0032 -416123.47296 -5374227.6063 
3359299.3054 -413007.53975 -5389106.3025 3350677.8274 -442599.10163 -5392101.0318 3335346.7884 -504834.44703 -5396115.5262 
3313701.1814 -577456.10985 -5402124.3546 3293559.2058 -651524.24401 -5405985.7893 3268249.6605 -733468.16486 -5410815.716 
3243647.3043 -805981.53698 -5415276.0966 3220670.1157 -867127.28137 -5419513.5341 3202197.7444 -916491.13029 -5422317.2235 
3199795.5043 -917810.17846 -5423502.202 3168152.0212 -921977.44775 -5441222.9476 3134890.2068 -923245.41271 -5460109.3018 
3126619.2849 -950944.56965 -5460103.225 3111109.9294 -990909.67816 -5461842.7126 3102087.1918 -1011523.1765 -5463187.2075 
3068525.7146 -1004329.1797 -5483290.8232 3060063.7529 -1019876.8001 -5485138.5541 3022003.9151 -1013919.0549 -5507154.0871 
2991698.66 -1009515.9293 -5524364.7602 2975137.8261 -1045989.2442 -5526505.6973 2923664.7534 -1039986.8724 -5554848.3317 
2906383.8172 -1095391.3581 -5553280.8938 2888854.4912 -1150700.3238 -5551248.1999 2866093.7891 -1211495.607 -5550120.1916 
2843039.8808 -1272163.467 -5548419.0638 2833590.247 -1326956.2835 -5540466.7947 2823930.2037 -1381647.1235 -5532081.1729 
914630.48619 -3804816.654 -5021014.7645 919141.855 -3865854.0602 -4973664.6194 923188.06279 -3922647.9521 -4928544.2848 
924271.34961 -4000220.3658 -4866009.7039 934300.84419 -4054649.9977 -4819137.3482 954289.85506 -4109092.5429 -4769180.6302 
986181.72795 -4155531.5459 -4722544.1308 1017735.863 -4181586.6401 -4692952.3315 1049239.0097 -4207380.8112 -4663067.7059 
1065073.4746 -4258496.6812 -4613149.7276 1076313.6792 -4318845.8884 -4554444.2983 2451493.1749 5264004.8575 2631954.5739 
2531493.6551 5227678.0508 2628653.915 2605192.2905 5194658.1695 2622135.394 2676169.8432 5158580.1322 2621886.8144 
2736525.507 5137004.4086 2602006.1417 2788578.3455 5107106.8697 2605568.1034 2831360.0568 5080605.8893 2611194.6623 
2873969.5283 5053773.3428 2616668.1615 2939894.2112 5011450.6209 2624754.3104 3015867.6635 4963297.1971 2630023.8565 
3090139.6083 4913067.0226 2638058.9222 3123025.6097 4873101.7241 2672990.3408 3122337.4107 4830352.1061 2749772.9588 
3114608.0847 4806539.7356 2799468.1839 3106643.0923 4782370.7321 2848946.7326 3095479.4176 4743979.3282 2923792.1766 
3130882.169 4716509.8557 2930482.7474 3205421.8733 4692251.5991 2888822.588 3289576.9944 4650903.8258 2861136.2493 
3358203.2003 4598519.4211 2866042.7059 3395485.9657 4545548.9838 2906065.3542 3439905.1881 4483587.5223 2949465.0013 
3473300.6923 4431573.0436 2988416.9912 3504211.1599 4371306.633 3040291.5133 3506097.2507 4329372.4473 3097206.1819 
3484196.7974 4311435.2152 3146213.208 3510908.1874 4251901.8202 3196800.3953 3533611.5396 4207310.5481 3230374.7857 
3555996.6187 4162343.2732 3263668.1235 3557047.9074 4130330.2438 3302696.8331 3557869.7963 4098062.748 3341521.5898 
3572684.6859 4036655.7956 3399563.8869 3592285.0657 4013550.6141 3406210.021 3620099.0174 3988247.5255 3406477.4008 
3639514.4341 3959427.1016 3419304.4131 3676440.1867 3888761.3654 3460378.35 3701616.0421 3822129.4935 3507142.4625 
3707223.0413 3773179.6274 3553600.8353 3709351.445 3709351.445 3617575.6209 -1589004.7805 6110786.3052 -906104.81286 
-1630467.3486 6093065.5596 -950396.5171 -1693499.2787 6069527.4053 -989724.50978 -1748349.3501 6048181.4611 -1024158.7692 
-1771097.3289 6039075.737 -1038604.1127 -1820263.6814 6018749.1782 -1070891.0733 -1876885.3337 5996848.345 -1095582.5878 
-1923687.6161 5978682.0931 -1113398.6633 -1977824.2317 5958406.0478 -1127085.7345 -2049910.6128 5930828.3322 -1143499.9654 
-2107379.7905 5909717.8645 -1148285.3605 -2161783.7859 5888556.5035 -1155798.0101 -2208312.232 5870453.6784 -1159888.7495 
-2249239.5658 5854893.2397 -1159888.7495 -2300311.1891 5832814.28 -1170823.1195 -2365445.6964 5805038.6882 -1179004.7883 
-2404365.783 5786642.6568 -1190595.454 -2468022.1056 5757210.3739 -1202861.5955 -2522572.894 5731352.7761 -1213069.5015 
-2586726.1859 5699754.1094 -1226680.1378 -2645998.4679 5670997.1123 -1233485.4085 -2700460.0031 5643616.5133 -1240953.3366 
-2759158.7859 5613789.2375 -1247076.8648 -2824937.0556 5579597.291 -1253187.5748 -2895054.5493 5543385.184 -1253863.0505 
-2958200.9894 5508702.1551 -1259285.6564 -3007762.3347 5482424.1178 -1256577.4868 -3057056.3003 5454304.4264 -1259973.7605 
-3110504.527 5422246.9604 -1267435.4219 -3167355.5789 5387628.1178 -1274221.6076 -3208524.8458 5364026.1569 -1270806.154 
-3208524.8458 5364026.1569 -1270806.154 -3229469.7204 5351441.4575 -1270825.3339 -3293049.5131 5314668.3848 -1262000.0927 
-3373629.9491 5269726.9363 -1237557.0629 -3429996.5651 5238185.6196 -1216478.4985 -3501006.021 5198284.1277 -1185141.0398 
-3574628.1266 5155878.2294 -1150330.7776 -3615434.6838 5132996.3708 -1125033.9557 -3646300.7147 5115326.8983 -1105860.567 
-3683022.5143 5093700.2814 -1083928.2104 -3726249.9218 5066555.5387 -1063340.2537 -3774364.9857 5035581.2645 -1040668.7098 
-3826749.3904 4999751.617 -1022094.267 -3868593.9431 4969427.182 -1012459.8602 -3910158.5827 4937643.5523 -1008324.3992 
-3973585.6955 4888451.7531 -1000059.9339 -4038707.4795 4836927.9771 -989724.50978 -4097986.0282 4791348.8431 -967651.91174 
-4132554.3573 4765204.4957 -949701.95639 -4175698.9682 4733899.0352 -917217.49932 -4175698.9682 4733899.0352 -917217.49932 
-4219194.1352 4707824.5711 -850381.67435 -4271807.9395 4673148.3786 -776211.56368 -4295594.4836 4656886.8277 -742121.35631 
-2985422.262 1098246.0358 -5510906.8987 -2950013.0539 1054687.0623 -5538230.1478 -2907256.7893 1015830.5923 -5567828.0239 
-2883495.6919 985614.59041 -5585465.9729 -2878493.7154 978350.52037 -5589295.5043 -4387873.9235 1016971.229 -4502155.6034 
-4402854.4064 1008388.1108 -4489532.9239 -4421186.6312 990845.96658 -4475495.1067 -4440551.1546 969168.45632 -4461139.0164 
-4457500.9046 940889.53346 -4450351.5344 -4476552.8519 911744.00014 -4437358.9289 -4491986.0573 891882.50738 -4425863.878 
-4491986.0573 891882.50738 -4425863.878 -4510987.4911 865738.15995 -4411800.6141 -4537564.8115 828952.55381 -4391703.455 
-4561899.4081 795932.90994 -4372683.0311 -4589477.5035 756655.90551 -4350890.821 -4605834.3844 729906.25057 -4338242.3151 
-4623529.6834 709401.13789 -4322898.7427 -4630978.3366 694337.71607 -4317406.0636 -4640033.1674 663764.89136 -4312518.7869 
-4658078.6426 605556.66876 -4301692.5652 -4670331.7759 563023.53716 -4294224.5421 -4683489.9745 515074.2563 -4285960.0768 
-4695144.5417 468303.78217 -4278619.6668 -4706327.3964 412746.28428 -4272094.6891 -4714515.5218 370793.06102 -4266946.1095 
-4714515.5218 370793.06102 -4266946.1095 -4729132.915 323977.96029 -4254648.1597 -4743667.1319 275761.03856 -4241929.7705 
-4753059.6056 238867.16545 -4233703.2852 -4766517.0872 199195.09698 -4220691.6897 -4790781.8005 166041.57333 -4194744.8387 
-4819379.2813 144383.14806 -4162884.8691 -4847855.9854 121354.74571 -4130642.4401 -4872598.4881 102748.49459 -4102127.7559 
-4901648.3116 89838.828139 -4067910.3627 -4934190.0237 75361.646656 -4028939.003 -4958289.1438 67938.262057 -3999570.5266 
-4982923.0235 55143.289514 -3969240.0148 -5006206.3315 37658.518933 -3940241.0846 -5056239.3894 14298.768575 -3876412.5223 
-5102264.4095 -16828.452551 -3816031.4119 -5142758.3907 -56462.290205 -3761264.137 -5184010.834 -86506.271984 -3704011.8256 
-5216845.7522 -123763.35928 -3656865.2537 -5236789.8517 -133563.48979 -3628089.2665 -5250464.1995 -145466.38741 -3607953.7475 
-5265533.9355 -156827.66535 -3585594.4948 -5290015.1353 -165506.32719 -3549229.3282 -5305830.4203 -187043.69096 -3524633.4286 
-5329126.6415 -203795.67151 -3488612.7412 -5358648.1776 -218413.04103 -3442504.9245 -5388131.3539 -221216.73051 -3396314.3113 
-5402245.1313 -232278.52365 -3373228.4997 -5410917.5026 -255077.53819 -3357744.401 -5430014.6463 -274314.59096 -3325457.5353 
-5453068.5546 -293513.42627 -3286129.5426 -5472433.0781 -316497.23764 -3251860.8763 -5491810.1349 -331369.47723 -3217758.183 
-5515227.1328 -352881.3706 -3175416.0912 -5536789.9432 -372315.96726 -3135693.1057 -5558321.2302 -381071.08775 -3096569.066 
-5577602.5772 -390514.38354 -3060758.4085 -5599885.4899 -402876.06865 -3018448.22 -5624303.2629 -414504.95186 -2971429.2612 
-5646566.8058 -439935.60612 -2925499.9509 -5668843.262 -456101.39975 -2879889.1035 -5690017.5362 -455508.81556 -2838203.4974 
-5710274.2116 -457936.50225 -2797097.6572 -5724381.9122 -462384.15948 -2767576.311 -5738317.1833 -472076.01115 -2737124.4528 
-5751500.8285 -476804.00884 -2708667.1185 -5765665.879 -481219.81028 -2677813.8109 -5782437.1226 -484647.93974 -2641015.6714 
-5799934.5453 -497028.73358 -2600298.5573 -5813373.0369 -510135.94392 -2567763.1119 -5813373.0369 -510135.94392 -2567763.1119 
-5822682.714 -525600.81518 -2543600.3752 -5833922.9186 -544997.1469 -2513792.2794 -5845972.0988 -564036.70326 -2481607.2003 
-5856759.9607 -582209.64915 -2451990.1443 -5868771.1608 -602440.73555 -2418377.9637 -5882458.4219 -623251.68282 -2379801.7867 
-5897005.5521 -638748.40987 -2339626.2685 -5907015.9616 -651830.12608 -2310767.4848 -5919460.5145 -669098.24404 -2273937.4419 
-5929783.1204 -685786.50114 -2242071.0157 -5942342.3731 -706686.65412 -2202239.5971 -5956437.1605 -725764.42793 -2157801.3847 
-5967244.0124 -735857.68157 -2124488.4871 -5980293.9677 -747639.48208 -2083567.6099 -5989730.8781 -758166.04096 -2052625.0491 
-5998976.7487 -768698.9615 -2021669.9549 -6009082.8681 -781404.72239 -1986732.2695 -6015862.6921 -787732.10871 -1963729.2545 
-6023311.3453 -798863.97511 -1936380.7486 -6035851.608 -808141.65401 -1893306.0211 -6045345.8683 -813602.42987 -1860592.0694 
-6052954.0379 -817209.01823 -1834275.8621 -6065009.6748 -819267.15875 -1793342.0717 -6073911.4459 -821223.32275 -1762259.3644 
-6083743.3491 -819203.44716 -1729195.0464 -6089204.1249 -817342.80306 -1710888.4581 -6095799.3658 -810320.85603 -1690759.2058 
-6104720.1269 -792644.92697 -1666934.3019 -6110499.5556 -774752.36902 -1654215.7227 -6117463.9628 -757745.50653 -1636361.4771 
-6122293.8895 -737629.07249 -1627529.7793 -6126608.0468 -722635.77139 -1618048.2423 -6131450.5069 -708674.72139 -1605916.0756 
-5813691.6897 -262067.60569 -2603854.0624 -5807555.6281 -258843.38178 -2617732.3633 -5785890.6512 -247354.6688 -2666044.7338 
-5763811.6915 -235834.10002 -2714159.7977 -5726777.6957 -220700.58122 -2792178.4773 -5688284.5051 -196952.14777 -2870993.7891 
-5658030.3333 -173063.52036 -2931272.923 -5627055.6793 -149117.54302 -2991182.5107 -5590079.0334 -125585.75032 -3060325.0558 
-5546787.8194 -100110.49321 -3138515.7852 -5530704.7749 -89392.78771 -3166903.0463 -5499386.4012 -74297.521971 -3221001.302 
-5462995.7879 -57876.876075 -3282268.1079 -5443669.6243 -46082.304765 -3314191.884 -5419354.0177 -24589.548304 -3353762.1896 
-5384078.8794 1879.7400336 -3409822.6862 -5343431.8385 31987.440258 -3472606.0367 -5307410.7714 60674.186088 -3526679.0357 
-5266763.7305 92298.418097 -3586027.8475 -5231985.3716 120469.02651 -3635430.0563 -5207338.5787 145179.64967 -3669520.2162 
-5156763.9248 189993.9242 -3737796.2458 -5119564.3358 222898.93945 -3786471.8957 -5074801.0139 261608.83006 -3843443.9142 
-5047605.3779 284853.8969 -3877221.8778 -5019007.8971 306187.35512 -3912325.3462 -4989894.2671 327839.39499 -3947421.9782 
-4961596.0693 347382.32982 -3981040.8053 -4955077.5483 352403.46251 -3988667.9649 -4920273.7427 377814.98431 -4028951.9162 
-4865174.9017 333892.80251 -4098661.6938 -4844931.1395 350007.58414 -4121084.753 -4822068.2709 376374.92211 -4145336.5531 
-4806692.7953 393152.40866 -4161502.3942 -4790800.7905 418130.62522 -4177253.8726 -4774890.1756 448671.64162 -4192177.0055 
-4745903.7788 435003.70288 -4226158.9222 -4733128.0396 418672.26863 -4241999.6538 -4714515.5218 370793.06102 -4266946.1095 
-6158314.9567 -393273.47016 -1611300.3216 -6159175.2055 -445275.36795 -1594510.088 -6156556.479 -505184.90821 -1586806.3985 
-6153382.8635 -564986.1103 -1578968.8293 -6145099.4081 -636875.04244 -1583843.4775 -6137994.8545 -662898.28089 -1600512.6497 
-6137994.8545 -662898.28089 -1600512.6497 -6131450.5069 -708674.72139 -1605916.0756 -4810433.0735 4185773.1843 -178951.25165 
-4826082.7653 4165032.2628 -232928.45777 -4841368.9878 4143845.4552 -286892.92869 -4865448.7381 4110315.8813 -353614.14877 
-4881735.7357 4086108.8977 -405488.57591 -4897767.8869 4062169.2939 -449977.91898 -4911078.7654 4038892.0627 -510002.15909 
-4923548.7649 4015838.1543 -568114.76684 -4923548.7649 4015838.1543 -568114.76684 -4926709.4672 4011397.1436 -572039.91312 
-4966094.8098 3952615.3743 -636588.29284 -5014929.5962 3885632.9463 -665275.0268 -5060744.2067 3819638.0002 -699397.08996 
-5098657.8212 3763315.8209 -728542.62328 -5132958.3907 3710727.843 -756725.97876 -5169469.7807 3654775.2099 -779971.02186 
-5197691.2587 3605902.0636 -818649.03295 -5220318.2709 3565599.1223 -850349.77108 -5259792.8667 3494863.5027 -899044.6009 
-5287141.5625 3444276.3155 -932962.71104 -5286695.2965 3439261.4257 -953646.28261 -5398575.1162 3296987.6676 -820949.39142 
-5444357.8234 3230820.6718 -780933.1997 -5475988.3933 3179430.3957 -770680.6671 -5492472.8873 3152444.9794 -764283.16006 
-5522860.749 3103979.5493 -743516.83939 -5551757.8926 3058668.3648 -715747.65667 -5573964.4654 3024023.6957 -690055.74694 
-5595673.8789 2990825.6879 -658527.10605 -5617159.9696 2954454.2545 -639634.10532 -5638582.6335 2916145.8371 -626934.70609 
-5660515.3699 2870872.8225 -638060.21082 -5678911.0215 2829046.88 -660846.50204 -5695643.9052 2786571.0983 -696109.15446 
-5695643.9052 2786571.0983 -696109.15446 -5707202.7626 2755896.2971 -722865.17107 -5718621.4736 2722742.9159 -757242.12804 
-5730957.7832 2681286.7094 -809728.27184 -5730957.7832 2681286.7094 -809728.27184 -5752807.3432 2627283.9736 -831354.79385 
-5752807.3432 2627283.9736 -831354.79385 -5766175.5717 2589969.4948 -855319.93926 -5774280.9005 2565201.5455 -874926.58567 
-5781213.7842 2538254.2992 -906926.79673 -5398575.1162 3296987.6676 -820949.39142 -5405960.3426 3282612.2074 -829863.79087 
-5416352.8318 3261680.2461 -844391.93094 -5427191.587 3241933.2633 -850763.94385 -5437686.2426 3224295.6941 -850795.84712 
-5453622.684 3198469.9996 -846297.20163 -5468068.0275 3174065.3297 -844978.15347 -5484775.4645 3144594.6869 -846832.43591 
-5504866.5469 3107535.2443 -853223.53381 -5523466.1515 3072176.9296 -860978.30647 -5542983.7346 3033811.1622 -871447.42048 
-5561213.793 2996910.8562 -882821.50483 -5579023.7918 2958678.9687 -899165.66241 -5594730.8335 2923486.437 -916408.33372 
-5606805.4605 2895749.0151 -930471.31276 -5618287.9779 2867731.3002 -947688.44247 -5623634.0539 2852043.4384 -963076.83134 
-5625220.8617 2845199.9978 -973928.3098 -5626902.9994 2837795.7813 -985684.66365 -5623130.8179 2833673.0436 -1018290.1822 
-5532450.7191 2984651.2663 -1081302.9324 -5528162.3883 2995929.6409 -1072069.8801 -5499590.3542 3047848.5997 -1072668.8259 
-5470584.9674 3099398.2022 -1073267.8667 -5454304.4264 3118023.4433 -1101616.8628 -5425465.0126 3173434.4805 -1085776.0363 
-5402321.851 3228998.3876 -1036571.5138 -5377254.2388 3262871.6812 -1060415.5027 -5351594.1374 3317224.9732 -1021106.595 
-5317395.7343 3382467.9136 -985353.38241 -5286695.2965 3439261.4257 -953646.28261 -5781213.7842 2538254.2992 -906926.79673 
-5785686.6982 2519654.5047 -929821.37865 -5793403.111 2494313.0561 -949746.58298 -5796111.4705 2486373.5104 -954028.55211 
-5799195.4529 2478593.291 -955526.01171 -5802113.8422 2470621.842 -958406.1361 -5806013.6368 2458649.0017 -965517.33631 
-5810869.0102 2445408.0065 -969856.65536 -5812990.9573 2438659.8959 -974113.08289 -5815603.2271 2430694.9035 -978382.32869 
-5818693.6662 2419824.435 -986857.10871 -5824091.0153 2403849.8236 -994000.11724 -5826645.9353 2395859.1946 -998263.00138 
-5828774.339 2387703.1624 -1005310.3951 -5832418.9074 2376959.9272 -1009605.1825 -5835254.5002 2367554.9201 -1015269.9113 
-5837535.5837 2359468.7712 -1020915.4603 -5839523.8409 2352682.4906 -1025159.2594 -5842098.1307 2343181.9636 -1032213.0148 
-5846010.4587 2329603.1356 -1040694.1565 -5849795.5534 2317515.5954 -1046371.6087 -5852764.8361 2308059.5051 -1050628.1312 
-5856409.7843 2297462.873 -1053508.2555 -5860895.6115 2284005.2015 -1057796.5863 -5863215.055 2277371.9805 -1059243.0577 
-5865814.7914 2269311.2783 -1062091.3737 -5868146.7683 2261269.946 -1066328.7163 -5870727.5147 2253209.2438 -1069170.6707 
-5872607.1489 2246289.2733 -1073395.2899 -5873926.1971 2240803.0508 -1077607.1858 -5875232.332 2235310.3716 -1081819.0817 
-5876086.504 2229652.0994 -1088809.1254 -5877653.9419 2222738.3956 -1094422.866 -5879712.0824 2214493.1102 -1100036.6067 
-5881986.7094 2206324.1647 -1104261.2259 -5883516.1672 2199404.1942 -1109868.6048 -5885294.0147 2191063.199 -1116858.6486 
-5887027.0457 2184219.5685 -1121076.9061 -5888524.6003 2177293.3313 -1126665.2001 -5890468.0409 2170538.9539 -1129494.3362 
-5891978.1289 2163504.2835 -1135082.6302 -5894393.2822 2155411.868 -1137905.4047 -5896075.4199 2148561.9707 -1142110.9389 
-5898235.347 2138857.3008 -1149094.621 -5899892.0381 2132007.4035 -1153287.4319 -5901816.4887 2123621.9716 -1158881.9926 
-5903683.5895 2115338.3263 -1164476.6482 -5905537.7769 2107048.4143 -1170052.1239 -5909023.2089 2093303.9932 -1177042.1677 
-5910138.304 2087785.8675 -1181222.2552 -5911973.5014 2079381.0657 -1186804.0926 -5914445.6248 2068312.9109 -1193768.6897 
-5915273.9704 2062692.8086 -1199331.4421 -5917019.9146 2052765.1956 -1207672.4373 -5918281.6129 2045807.0551 -1213235.1896 
-5919313.9114 2038644.9616 -1220180.6068 -5921072.7689 2031858.681 -1222952.4879 -5921818.3179 2024607.3343 -1231287.0265 
-5923755.302 2016381.2288 -1235447.9342 -5926877.6443 2005446.7639 -1238232.5386 -5928814.6284 1997112.2253 -1242393.4463 
-5931229.7816 1989051.713 -1243776.206 -5933593.6618 1979366.223 -1247937.1136 -5938576.6482 1961696.7505 -1252085.2979 
-5940449.8258 1953349.2987 -1256233.3873 -5943151.7286 1942408.5671 -1260368.8483 -5946579.8106 1930097.894 -1263115.1878 
-5949370.5869 1920565.4637 -1264478.7676 -5953518.7712 1908598.7002 -1263070.5612 -5957807.102 1895192.1118 -1263025.9346 
-5962101.8894 1881677.0904 -1262981.403 -5967562.6652 1867148.9503 -1258782.2304 -5974826.7353 1845745.4664 -1255914.8294 
-5982823.8208 1823080.0942 -1250957.3845 -5987736.5441 1808373.6377 -1248797.2675 -5991935.6217 1796413.3308 -1245949.0464 
-5998543.396 1776277.8118 -1243049.742 -6005348.6667 1756199.6427 -1238748.6879 -6010363.5564 1740033.9915 -1237225.7817 
-6015212.4732 1725289.175 -1234332.839 -6020151.0229 1709091.4307 -1232803.5711 -6024146.1475 1697054.7838 -1229923.4467 
-6028886.821 1682271.7974 -1227017.7807 -6031919.9102 1671439.309 -1226909.4425 -6035169.8656 1657720.3345 -1229528.3589 
-6037514.7557 1645110.1885 -1234925.4232 -6040834.5945 1629830.2327 -1238907.9194 -6043784.5073 1611516.9979 -1248376.7331 
-6046218.6506 1591610.8786 -1261949.1044 -6047238.4157 1575636.2672 -1276936.0439 -6047461.3588 1562401.6337 -1291942.1632 
-6045912.9109 1549963.5374 -1313855.4348 -6043045.4149 1538665.9829 -1339878.6258 -6040171.8421 1531765.0974 -1360447.4975 
-6037278.8994 1523405.0172 -1382335.3225 -6033379.1049 1516153.6705 -1406975.8487 -6030728.4751 1513808.7804 -1420682.0049 
-6026943.3804 1508048.5316 -1442563.4682 -6024056.8943 1499733.078 -1463011.1834 -6019545.6204 1490799.4986 -1490270.626 
-6016448.7247 1485357.8078 -1507972.0017 -6014358.681 1482388.4302 -1519116.6864 -6014358.681 1482388.4302 -1519116.6864 
-6013288.4023 1481343.4083 -1524328.9776 -6010121.2435 1475780.6559 -1542004.9067 -6005884.1858 1471409.5286 -1562427.1753 
-6001888.6814 1468650.4657 -1580134.9127 -5999894.3474 1467943.0867 -1588303.8581 -5996523.6154 1465343.3502 -1603265.2559 
-5993120.98 1464177.2668 -1616888.7105 -5987264.8315 1463744.0091 -1638680.9206 -5981721.2591 1467815.6635 -1655107.8748 
-5979605.7687 1465636.4615 -1664589.4117 -5976069.4435 1465986.9227 -1676842.7349 -5972539.1951 1467771.0369 -1687758.0199 
-5970398.258 1465477.1351 -1697226.8336 -5967142.2257 1462909.2069 -1710760.8451 -5963860.7469 1461883.365 -1722950.5516 
-5961248.0972 1456505.3857 -1736401.7665 -5959011.4503 1454300.6421 -1745845.1335 -5957794.5685 1447947.8091 -1755192.9806 
-5955793.7779 1441410.1081 -1767229.6275 -5954149.6203 1434961.6603 -1777909.0562 -5952123.383 1428322.0777 -1789932.9797 
-5949287.7903 1421491.2654 -1804645.8929 -5947229.6498 1416393.6741 -1815331.7782 -5945878.6983 1410040.7462 -1824615.8187 
-5944062.8707 1402050.3071 -1836563.4023 -5942941.319 1392810.8931 -1847115.4078 -5939583.5001 1385680.6079 -1863115.4659 
-5937990.2358 1376352.0357 -1874986.5196 -5937028.2004 1364232.4973 -1886761.8635 -5936123.5149 1353559.3354 -1897212.0824 
-5933632.0217 1351246.3485 -1906566.1962 -5930567.0292 1345760.031 -1919845.3614 -5927546.4735 1341809.3432 -1931818.3916 
-5924080.4114 1337763.1354 -1945116.7367 -5919677.3808 1331888.1868 -1962365.7696 -5916994.468 1328026.7521 -1972962.4017 
-5913770.339 1322534.0729 -1986190.6736 -5911049.4461 1318678.9999 -1996768.1258 -5907889.1237 1314613.7071 -2008677.3494 
-5904263.1655 1310459.1612 -2021912.0779 -5900306.4008 1307636.3867 -2035178.5197 -5897177.6018 1305106.6285 -2045768.8851 
-5892991.4374 1294905.0842 -2064101.11 -5888887.6898 1286137.1929 -2081114.2867 -5883197.5143 1279841.7099 -2100861.0796 
-5880170.8817 1270047.8817 -2115134.3733 -5875914.4542 1261190.8321 -2132077.6666 -5873531.2042 1254563.9729 -2142451.1658 
-5869790.926 1247344.5294 -2156775.3528 -5866764.2934 1238997.1726 -2169704.1517 -5864463.84 1229426.3824 -2181256.7425 
-5861851.1903 1225564.9477 -2190368.5434 -5859200.5606 1217326.024 -2201946.5808 -5856039.8583 1208997.7521 -2214818.0298 
-5851624.2943 1201593.5356 -2230359.2885 -5847418.7601 1188397.0721 -2248264.6172 -5843659.112 1179877.7604 -2262391.3078 
-5840556.1395 1172887.6217 -2273937.4419 -5836930.5611 1165801.9631 -2286770.5311 -5834999.6538 1157900.6823 -2295621.4088 
-5830743.2263 1146163.5084 -2312156.6062 -5826722.6551 1133024.3948 -2328602.7403 -5824422.2016 1126454.8854 -2337472.6081 
-5820726.3601 1116368.0409 -2351389.079 -5818674.6762 1108390.3252 -2360163.237 -5816100.3864 1100227.7414 -2370230.9965 
-5813163.007 1096308.9568 -2379177.3942 -5812136.7853 1085718.6863 -2386486.0908 -5810518.4541 1077862.0321 -2393915.754 
-5809173.9593 1068597.1715 -2401275.5338 -5807389.6551 1053393.5557 -2412209.8088 -5804497.0922 1040732.4214 -2424558.6519 
-5802591.6317 1028377.1217 -2434307.9485 -5801138.8936 1019137.7077 -2441597.4652 -5799399.406 1011217.2469 -2448950.7884 
-5798953.14 999467.34971 -2454787.567 -5798245.9509 988928.06751 -2460687.9623 -5797500.402 978490.66687 -2466575.6342 
-5796729.4064 965154.05685 -2473572.1346 -5796206.8005 953321.26808 -2479351.5633 -5796200.7236 944489.66521 -2482709.5721 
-5796417.2101 934453.80896 -2485984.7842 -5797149.8458 924507.11095 -2487972.8515 -5797353.7989 914375.63986 -2491229.0736 
-5798035.5413 901523.27585 -2494306.5995 -5798163.1544 888486.23371 -2498652.2802 -5798825.9068 878545.89736 -2500608.6341 
-5799730.5923 867190.99295 -2502456.365 -5800845.6874 854523.40204 -2504215.0326 -5801228.1468 845997.72871 -2506222.2798 
-5803318.1906 830685.77474 -2506496.3061 -5804433.2857 820923.84982 -2507127.1552 -5805223.2714 809670.92192 -2508936.7161 
-5807001.1189 795767.22184 -2509274.5489 -5808364.6038 787591.96222 -2508701.0497 -5809205.8625 779136.31466 -2509395.5154 
-5810231.7045 771228.6247 -2509459.322 2872771.6366 -5302765.8076 2071779.3528 2809523.0302 -5323436.466 2105015.7205 
2741980.0161 -5346025.1184 2136384.9875 2692017.0314 -5366428.3969 2148663.9472 2653912.567 -5383996.0828 2152085.5726 
2598042.7305 -5408859.3621 2157865.0013 2522853.187 -5442102.1864 2163459.657 2469079.8508 -5466876.5924 2163032.7609 
2415077.1149 -5491121.9358 2162593.1414 2341034.5699 -5525989.548 2155239.8182 2294091.951 -5546991.7724 2151786.0997 
2247002.919 -5567630.5275 2148192.4245 2167352.9949 -5603071.6388 2137926.9787 2110871.4892 -5620288.7685 2149141.7366 
2054205.4002 -5637002.6622 2160178.1781 1987688.0382 -5652690.3341 2181161.0327 1920928.5532 -5667670.8169 2201870.0509 
1867888.0427 -5682683.5828 2208758.3081 1814700.929 -5697262.6162 2215487.0489 1724804.7391 -5726726.8023 2211345.3212 
1650462.7211 -5753642.1454 2198263.4625 1575865.6669 -5779652.4231 2184818.7042 1526820.3759 -5794664.8092 2179912.2477 
1477673.2033 -5809301.5723 2174859.188 1414813.4179 -5828716.989 2164759.5252 1351787.9444 -5847495.1 2154424.196 
1282345.9264 -5867891.922 2141469.9504 1212738.1253 -5887504.8351 2128235.222 1146660.4777 -5905097.9676 2116173.1285 
1080436.3219 -5921990.3677 2103862.2655 1024286.2873 -5935862.2119 2092889.8205 968053.36118 -5949236.897 2081738.6792 
916784.24156 -5960808.2879 2071874.8727 865457.77202 -5971965.6959 2061870.9197 874952.03233 -5989762.7814 2005841.9466 
884389.03767 -6007043.7176 1949628.0105 819904.36953 -6019997.9632 1937878.1133 754948.17871 -6030715.5619 1930990.046 
666868.05376 -6046008.6207 1915633.5604 610093.5317 -6056611.5196 1901098.9637 540798.02182 -6071101.2998 1875878.4817 
460523.56285 -6084138.3419 1855067.6769 392126.51923 -6095952.0457 1832013.7686 323678.48736 -6106969.3072 1808705.0139 
243276.58148 -6117814.5189 1784656.9769 176447.04697 -6129188.4134 1753415.1331 120437.17072 -6140792.0873 1717432.4259 
67492.221627 -6153726.963 1673765.0192 30343.463609 -6165629.92 1630786.0014 -4020.7318312 -6177641.1202 1585264.4073 
-46024.954844 -6190487.1225 1534008.011 -87742.440496 -6203874.7208 1477443.8036 -97561.691601 -6224131.3963 1389567.4893 
-97561.691601 -6224131.3963 1389567.4893 -31802.652335 -6225819.9906 1385107.1087 41437.115517 -6231733.1092 1358172.6807 
117627.11958 -6237729.4042 1326013.2381 183220.48558 -6243107.0037 1293076.3434 230194.86527 -6248287.4866 1260356.1249 
277156.52163 -6252958.2767 1227521.2067 330923.44867 -6261898.0279 1167547.9074 367014.44663 -6266212.1851 1133362.1326 
2760981.2601 -5630445.7812 1165833.8664 2824446.353 -5599395.1671 1163367.9147 2882386.8635 -5570415.2269 1160379.4522 
2929463.3621 -5546341.5534 1157830.609 2989194.4435 -5515099.8995 1154415.2504 3048594.1486 -5483233.4733 1150872.3736 
3093899.0664 -5458949.77 1145437.1393 3138993.7645 -5434309.0539 1139944.4602 3221613.1611 -5387487.5915 1131718.1649 
3267147.4786 -5360693.4049 1128455.676 3312458.853 -5333523.2155 1125110.3906 3312458.853 -5333523.2155 1125110.3906 
3344063.9763 -5302415.2515 1177086.7943 3359452.3652 -5279909.3957 1232752.5828 3363300.8866 -5263864.711 1289195.8237 
3349594.6355 -5251362.8082 1372579.7592 3331485.3537 -5243104.7995 1445762.1505 3307635.0031 -5234330.2617 1529337.3157 
3291188.869 -5224422.0185 1596753.1915 3274494.3452 -5222663.161 1636068.2709 3235867.085 -5236942.9114 1666781.432 
3212042.181 -5246978.7676 1681156.7023 3197259.1946 -5251566.7613 1694856.4968 3189281.4789 -5243780.0853 1733298.6041 
3175779.3707 -5244060.3783 1756926.0117 3167119.7226 -5234483.3214 1800287.4888 3134444.1308 -5234852.8676 1855188.6435 
3094447.119 -5245959.3823 1890387.6318 3056820.444 -5256154.3751 1922789.1973 3030828.9664 -5260423.7158 1951839.2107 
3003633.3303 -5261315.8679 1990823.1039 2974564.3269 -5264769.3965 2024824.0106 2955187.0801 -5272339.2062 2033419.8521 
2933197.1837 -5272511.256 2064375.1363 2872771.6366 -5302765.8076 2071779.3528 -97561.691601 -6224131.3963 1389567.4893 
-141942.66683 -6217154.0759 1416546.5439 -186317.27446 -6209749.8593 1443430.0786 -223485.16198 -6203645.3211 1464139.0019 
-246188.5854 -6204014.8673 1458945.8907 -281247.33227 -6195406.3025 1488690.3698 -320154.76678 -6187600.6365 1512923.0849 
-357564.78918 -6183656.4052 1520607.6894 -394560.61506 -6175391.9399 1544687.5346 -437202.03736 -6166879.0848 1566913.0025 
-489038.24705 -6155842.8333 1594561.1712 -524026.92068 -6146698.7493 1618379.6185 -549737.9154 -6139084.1231 1638476.9676 
-586587.18565 -6129749.3792 1660358.4309 -621575.85928 -6120809.2482 1680366.5267 -666198.98719 -6113602.5281 1689421.1676 
-720380.08699 -6107478.9999 1689331.9144 -772636.87858 -6101138.9852 1689153.4081 -822485.021 -6090115.6468 1705198.0927 
-872307.66928 -6079174.7253 1719331.2399 -916472.0453 -6068635.633 1733426.2172 -962375.90897 -6056955.6191 1749222.3222 
-1004239.9265 -6043421.4177 1772199.7007 -1042510.174 -6031735.327 1789722.76 -1097443.2319 -6017347.3334 1805136.5955 
-1151993.9253 -6000849.9262 1825813.7105 -1236868.9588 -5971042.0203 1867263.6502 -1310930.6839 -5946618.1705 1894293.6931 
-1387949.0631 -5917542.5205 1929906.6643 -1446533.241 -5892781.0278 1962161.8166 -1485676.3657 -5875226.2552 1985253.8949 
-1507099.0296 -5867223.0928 1992721.918 -1538321.8834 -5853319.3452 2009556.7782 -1568448.727 -5836006.5057 2036261.9015 
-1587896.047 -5825530.8402 2051044.8879 -1630664.845 -5845908.6721 1958013.6323 -1612606.6464 -5854924.7632 1946059.782 
-1615875.402 -5879629.2858 1867817.9694 -1625618.2419 -5902574.5711 1785714.7222 -1627109.3398 -5924545.2876 1710512.4553 
-1626803.4103 -5938449.0352 1662225.3417 -1560171.4434 -5951237.6876 1680149.8504 -1551359.0205 -5971551.713 1615410.3359 
-1542393.5378 -5991171.0827 1550479.6867 -1520429.278 -6017067.0404 1470332.6034 -1498222.8951 -6041834.9898 1389905.2271 
-1485810.2455 -6061925.6923 1314167.6311 -1496808.327 -6059651.0653 1312198.7438 -1492137.6318 -6071687.7122 1261203.5555 
-1487339.5134 -6083322.9096 1210119.3039 -1478769.1185 -6099456.8474 1137695.09 -1476284.0819 -6103152.689 1121115.1711 
-1551034.0059 -6086732.0015 1109486.2404 -1554920.8873 -6101973.7873 1017041.3023 -1553914.1303 -6114972.4696 937952.05915 
-1551282.4906 -6117591.5759 925208.03332 -1483382.4638 -6133904.0201 928566.04207 -1415310.3873 -6149470.5355 931809.44592 
-1401228.3232 -6162552.3942 864686.7764 -1386929.4879 -6174901.2372 797455.7687 -1378416.5379 -6187989.5525 706106.79325 
-1369578.5733 -6199771.353 614604.90051 -1356605.1478 -6211540.2403 517495.6288 -1343383.2377 -6221792.9628 420265.24812 
-1351564.9064 -6220225.1451 417289.55635 -1345486.0048 -6223647.1503 384779.58141 -1347964.7747 -6224583.739 360387.58738 
-1078231.5783 -6282231.4231 252535.10419 -1069310.8172 -6284104.6007 243773.5983 -988163.43355 -6297702.6086 235107.68352 
-984920.0297 -6297785.4052 246271.42945 -927635.72001 -6306769.9728 238720.60981 -870274.97542 -6315219.0213 231144.29605 
-837733.16842 -6319571.1586 232463.29674 -841569.15647 -6319813.4716 211301.88829 -763741.56412 -6329734.628 209906.42895 
-685805.6336 -6338699.8258 208479.09008 -679586.53799 -6337890.8501 249087.84226 -580387.26997 -6347818.0833 247297.31888 
-577398.75993 -6346766.7947 279023.50366 -489439.69649 -6354477.1307 271568.27514 -401391.37986 -6360963.7485 264068.42002 
-325577.34892 -6365628.082 255988.72778 -249705.94431 -6369381.2735 247877.17974 -232488.79087 -6370145.8125 244850.47598 
-235649.3032 -6370891.3615 221522.58883 -171062.71789 -6372872.7822 223867.47895 -173662.48995 -6373529.078 202215.41534 
-77598.2164 -6375702.2982 193269.13637 -73819.619816 -6377466.8527 124731.89878 24086.159438 -6377951.4785 119443.13709 
121985.57109 -6376925.2567 114128.89313 219872.23569 -6374395.7834 108789.15504 317695.17682 -6370362.299 103417.56117 
415428.91225 -6364818.7265 98026.846692 513086.18903 -6357777.5996 92604.276426 516998.61199 -6355483.6028 183054.82122 
602765.70261 -6348073.3094 177906.24163 603116.16379 -6346352.8118 229990.95972 603422.04586 -6344205.4181 282062.95449 
614146.10115 -6339974.4372 346337.30793 674361.52348 -6333691.3927 349274.80598 734513.18675 -6326835.2287 352180.44823 
797621.4568 -6319475.4488 346961.77165 789662.82606 -6317321.9783 399976.8118 789223.15916 -6313779.1965 452959.97241 
788707.05736 -6309662.5357 507485.21921 788133.55815 -6305087.4553 561972.1536 787107.66873 -6296867.8064 648280.88763 
786011.70605 -6288112.6385 728995.01351 785100.46899 -6280752.8586 790421.09835 784679.93456 -6277267.4267 817846.22902 
2451493.1749 5264004.8575 2631954.5739 2404219.3698 5273645.721 2655996.1542 2356767.0583 5282910.5816 2679846.5048 
2297851.5991 5292175.4422 2712305.6102 2238687.5603 5300847.8136 2744445.8728 2214422.847 5285478.4148 2793013.2794 
2205623.2424 5260493.979 2846283.1897 2195007.4303 5233935.2689 2902509.6592 2170851.1502 5197799.8817 2983918.4407 
2159942.3218 5174178.551 3032167.1945 2165696.3038 5162001.7576 3048664.2219 2145548.0615 5123240.8075 3126759.4314 
2134460.7267 5102869.812 3167132.4459 2079686.9953 5108648.8609 3193958.7257 2042525.5762 5135379.6208 3175148.5215 
2022816.9533 5182781.039 3110510.9836 1988242.3575 5202744.5083 3099538.3487 1912740.6178 5221338.0361 3115627.6599 
1881925.67 5198615.314 3171510.0299 1863682.5085 5170431.8161 3227487.9198 1845248.3071 5141700.6454 3283115.8233 
1850384.1634 5111898.8163 3326190.5508 1855379.8732 5081746.4311 3369041.9555 1800918.3379 5068601.1457 3417724.062 
1746208.413 5054761.2047 3465940.9125 1696118.0052 5037588.5117 3515133.0914 1645817.5675 5019772.4361 3563866.0913 
1579261.9405 4996348.9816 3625935.796 1579261.9405 4996348.9816 3625935.796 1538774.3211 5042411.9818 3579592.123 
1498050.8453 5087755.2595 3532713.3107 1442365.8768 5136265.3162 3485694.3519 1377110.308 5171712.8842 3459741.0443 
1334468.8382 5225772.5902 3395052.613 1338279.2847 5258703.2182 3342642.7617 1271322.3032 5304014.5926 3297191.2408 
1231694.8376 5337907.2561 3257563.9651 1174748.2658 5361203.0976 3240404.1853 1137841.6931 5388347.8403 3208608.0222 
1109072.0676 5413727.6487 3176008.7703 1065028.8481 5434411.2203 3155828.6247 1040910.8328 5455030.9854 3128371.6857 
986831.66206 5478996.0358 3104087.9824 945502.87879 5489025.4354 3099258.0557 915885.82277 5500539.8562 3087794.7181 
869739.74115 5518126.5321 3069825.7728 842129.93234 5542805.2282 3033084.7932 762613.69818 5567496.8376 3008960.4163 
692974.13626 5591703.8212 2980974.6047 623207.1037 5615025.4891 2952600.067 575729.29806 5627419.1487 2938709.0428 
528206.96077 5639455.7955 2924620.5221 432932.79156 5654691.1247 2910914.4609 371022.43696 5662962.0466 2903420.9912 
349453.2174 5682466.7165 2868011.7831 315968.36503 5687895.5891 2861174.6092 275563.5184 5672105.7508 2896239.7177 
223669.93506 5680134.7396 2885037.6831 166691.51931 5683301.5187 2882673.6131 71149.750773 5678108.5024 2896711.2404 
22595.111953 5687608.8395 2878926.8782 -32675.615564 5683014.7691 2887822.1927 -124693.66946 5678165.8523 2894805.9697 
-176498.02335 5675502.3093 2897316.453 -228296.02745 5672456.3069 2899642.3531 -320033.70528 5664956.3806 2905587.3749 
-353365.64036 5663312.6028 2904924.6225 -413026.67221 5639162.5893 2943526.2462 -474134.15167 5612572.3557 2984581.0032 
-535171.55787 5593080.2193 3010559.7575 -610450.35455 5587931.6397 3005831.6174 -664905.43315 5583037.9064 3003378.484 
-719315.98011 5577736.6469 3000702.2177 -762671.0481 1062193.2553 6222748.5416 -805936.91039 1090873.6276 6212400.4891 
-849145.42276 1119477.565 6201619.0839 -897037.44864 1163399.7231 6186874.4574 -944852.94467 1207181.7346 6171454.1652 
-991941.97673 1246197.531 6156390.506 -1038960.9355 1285073.086 6140728.2808 -1084597.2295 1311287.5067 6127372.5858 
-1130176.1736 1337387.2275 6113570.6248 -1200229.9558 1367979.2322 6093556.2623 -1277649.6896 1395136.6982 6071764.0522 
-1326605.8223 1409384.4504 6058051.7242 -1375498.1486 1423523.9593 6043918.577 -1440524.4126 1447884.0975 6023088.4023 
-1502396.526 1471511.4101 6002353.9374 -1523997.6014 1473665.1655 5996415.3721 -1588189.1583 1493596.8264 5974935.3583 
-1628447.378 1499108.5905 5962783.6318 -1704490.9036 1506786.8333 5939710.7334 -1760207.6805 1532121.9202 5917090.1778 
-1815720.5043 1557304.0423 5893851.3064 -1877860.2823 1557374.1156 5874461.3364 -1939789.6507 1557291.319 5854459.887 
-1999985.988 1534479.5337 5840307.7497 -2059991.0957 1511495.7935 5825524.3835 -2118518.0186 1519843.0554 5802470.4752 
-2176821.8086 1528082.0741 5778843.4474 2139182.4102 -601924.58627 5959515.0661 2113108.1361 -583018.86222 5970615.1242 
2083975.3261 -559353.28469 5983021.3172 2064470.6562 -542907.1506 5991234.8893 2070721.6076 -533514.81932 5989928.3745 
2056085.0344 -521669.25976 5995969.1062 2036682.341 -509173.76608 6003609.179 2028819.3251 -501794.9962 6006871.6679 
2037606.2064 -485266.01806 6005265.8701 2049241.5937 -469514.44468 6002576.8805 2068230.1143 -449245.09335 5997645.1671 
2055428.7386 -437246.61648 6002895.5333 2040543.7757 -421418.60819 6009063.4983 2024734.9473 -406654.6593 6015378.4461 
2011245.3725 -422546.42665 6018787.1583 1996742.6791 -437520.64276 6022521.3597 1983883.9535 -425515.80423 6027593.2195 
1966940.85 -407827.10436 6034315.6936 1950067.8198 -392120.13383 6040789.778 1973287.3213 -360597.8546 6035246.2056 
1995532.0641 -330120.57352 6029715.1666 2028220.3792 -282929.54122 6021253.2048 2040486.4258 -264093.91415 6017984.2594 
2026238.5787 -245200.93717 6023559.7351 2017521.7706 -223899.33474 6027287.4799 2010984.0696 -208421.74016 6030008.3728 
2003885.5927 -199959.73094 6032640.0125 2017094.8745 -182054.41406 6028829.4711 2028621.8287 -168252.65488 6025388.8557 
2019286.8948 -153973.01135 6028880.3644 2013934.3622 -143389.11442 6030919.5149 2024556.4409 -130651.48587 6027669.9393 
2015355.197 -103385.70537 6031257.1578 2006606.4856 -84065.796688 6034456.2199 1997596.4713 -60769.765332 6037699.3389 
1984521.2592 -33771.599008 6042191.6227 1974689.1661 -13527.756639 6045467.0248 1963697.5411 9634.4639235 6049028.7967 
1950915.1554 30674.807165 6053068.7377 1929460.7781 67058.928262 6059606.2489 1917220.1782 93133.149035 6063117.1274 
1900130.4717 119857.32172 6067991.8706 1886194.8209 141821.60532 6071840.3921 1871354.4846 162721.75831 6075880.3332 
1858533.9289 181774.04986 6079251.0653 1847000.708 195926.25835 6082303.5243 1831076.9899 217750.35985 6086349.5421 
1823762.0265 226212.36907 6088223.0995 1817313.5787 235738.50891 6089784.0807 1803097.6349 246711.09635 6093543.7288 
1795616.8885 257161.17284 6095308.6631 1788429.1584 263641.50019 6097137.404 1782108.1338 271179.57276 6098641.0353 
1771250.3886 275410.57737 6101597.7845 1762444.1375 277787.34702 6104019.0146 1756569.1888 279373.96485 6105631.269 
1743060.624 280431.71006 6109428.8971 1732476.7152 280692.96554 6112404.6364 1720134.1388 278838.73057 6115953.8748 
1706026.6281 274868.9577 6120051.1658 1690873.9057 271823.14521 6124364.9433 1674090.1287 264673.77502 6129252.2199 
1651686.0595 255134.88811 6135687.9444 1632946.1185 247845.30021 6140964.1371 1619959.9696 240957.18549 6144653.522 
1609012.7814 232214.78833 6147845.7477 1589495.3882 221873.05002 6153262.0869 1574393.7489 216832.78486 6157295.5713 
1553786.7072 207408.5978 6162813.6971 1526954.2556 203547.1631 6169599.9777 1512700.0469 199558.30523 6173219.0995 
1495470.1939 196365.92524 6177488.4403 1478979.4332 196212.99608 6181432.6715 1460685.3783 193938.19108 6185829.2456 
1439409.3175 192453.51416 6190824.7654 1421089.816 190178.70916 6195094.1062 1401706.2076 188821.47914 6199522.5835 
1365768.1269 187304.93456 6207532.2025 1340535.0165 185539.89344 6213044.2514 1319456.4521 180066.34679 6217682.7586 
1300015.3989 178702.74324 6221792.9628 1284601.5633 175618.68956 6225055.4516 1264918.482 150283.61455 6229719.7852 
1246401.3891 122036.54748 6234033.5627 1230286.6312 100945.22414 6237588.8779 1215955.9876 81982.150175 6240653.8703 
1207806.2221 72430.52214 6242342.4647 1185657.1891 80841.566842 6246458.7457 1151777.249 88430.615801 6252652.5371 
1139657.7106 65631.601263 6255137.5737 1127225.881 46802.338829 6257539.8138 1113749.1245 28903.392512 6260043.8404 
1101170.7868 12068.567913 6262305.934 1088579.7257 -4766.2559445 6264504.221 1080659.3599 -18274.895696 6265842.639 
1069877.9547 -32981.470926 6267620.1067 1062728.4896 -43444.297448 6268767.1051 1035316.1772 -30439.042853 6273393.4586 
1020099.8381 -52416.070551 6275725.4355 1015677.7225 -59699.267115 6276375.2747 994261.42019 -48267.901087 6279873.6198 
980013.57311 -41316.048078 6282148.2468 965428.08312 -58271.940116 6284257.6604 950976.37796 -77203.152359 6286245.5378 
931637.39616 -67632.409662 6289227.7336 924443.39937 -63172.00537 6290329.9155 891022.25858 -78471.182596 6294949.8124 
876621.54168 -69556.753479 6297058.8462 851095.32005 -56468.663737 6300665.4346 847042.7506 -54773.713667 6301226.0206 
824606.8731 -72283.966508 6304004.2634 804624.31884 -82657.584351 6306444.8633 783093.31673 -99097.344909 6308897.9967 
770228.2294 -84142.26127 6310688.7574 744383.40238 -67141.766377 6313970.2363 725605.14897 -52626.349635 6316276.7665 
710885.82668 -39799.512399 6318035.624 698243.77736 -28807.813268 6319494.8187 679427.25903 -14305.140624 6321578.4059 
664956.42141 -5441.687895 6323120.3971 653346.67066 4619.6999412 6324324.7454 639774.29929 14528.159355 6325688.2303 
626189.2046 24442.992671 6327007.2784 612750.61807 32369.760202 6328275.4333 601274.65215 40443.084849 6329326.7219 
597196.58858 42125.290822 6329696.2681 599764.51671 47280.240985 6329422.4317 592360.25271 53677.727256 6330059.3576 
576487.57035 67371.154189 6331384.8624 559697.38421 79994.08884 6332735.8139 546373.49752 85926.417053 6333812.5491 
550617.24919 95191.307355 6333321.8465 537287.04831 101123.63557 6334367.0583 527741.79974 109324.40118 6335029.8107 
509110.05449 119806.34534 6336354.9356 495454.83908 129670.1993 6337234.5543 480901.20488 138463.56098 6338164.6864 
465111.41405 150137.05891 6339069.3719 451609.11593 158012.85747 6339846.8242 433837.61948 169520.69105 6340789.8695 
425745.15644 183768.47879 6340936.4727 414778.97814 196799.21861 6341274.1156 406680.15343 211047.01822 6341337.9221 
403315.73555 215743.18385 6341395.272 405373.87607 226830.44739 6340879.1227 388972.36857 233457.33038 6341663.0316 
365574.38444 240504.77153 6342784.2035 346114.29365 247858.04728 6343587.1024 322716.30952 254879.9943 6344530.1478 
295202.02062 263526.80035 6345511.553 281980.11044 267394.59671 6345951.3624 263405.73885 275773.78562 6346384.7151 
261768.13276 271663.84251 6346626.6482 251585.67341 274786.13739 6346906.9412 231042.34327 282980.52947 6347321.3038 
209256.4711 294035.93722 6347576.1502 188713.15283 302211.22058 6347830.9965 169055.53003 311431.50209 6347939.2397 
166398.40805 319135.23902 6347627.0435 147664.73376 340322.1416 6346996.1944 151264.91299 344604.13447 6346683.9981 
135385.88083 367020.83203 6345791.846 152074.14979 380370.16538 6344632.3142 137603.33591 397950.52707 6343893.2219 
126337.64908 412835.48999 6343179.5762 114893.52708 429676.71186 6342287.4241 107024.11392 439891.027 6341726.4583 
94311.973561 459580.51747 6340541.4798 74775.418192 477657.84851 6339470.8214 58819.933321 489114.72943 6338770.0889 
45196.597438 496805.74304 6338285.8429 28336.284645 507166.61382 6337572.1972 13629.707932 515730.55208 6336928.4348 
178.41600245 521433.49841 6336482.5487 -21339.827296 528353.5164 6335877.1462 -38913.805073 535636.67142 6335188.9472 
-55232.495226 540058.882 6334691.788 -69760.653097 546609.25886 6333991.0555 -83211.945154 552273.98774 6333341.2163 
-92540.558908 556345.68965 6332863.0471 -132180.76564 576309.15892 6330390.9237 -144746.35631 583012.50055 6329505.2283 
-161243.45492 589327.16355 6328530.2796 -179900.67056 597394.13247 6327275.038 -192262.35567 602115.76849 6326472.1391 
-208765.83968 608398.57569 6325357.044 -220235.44393 614190.72774 6324413.9986 -239083.81806 624175.64321 6322763.3843 
-255956.87199 634345.33176 6321100.6165 -271944.20671 645579.17467 6319309.8557 -289014.80453 657679.62804 6317315.5217 
-307347.05311 672602.80842 6314894.2916 -323538.29339 685748.28368 6312689.548 -336479.83937 696255.7101 6310873.3406 
-359533.72398 718532.21369 6307126.6057 -376993.00043 734462.1985 6304291.013 -396822.66113 754075.20658 6300780.1344 
-425681.44485 764792.94768 6297625.8888 -464448.70913 804962.0567 6289928.4661 -505873.05978 841779.47116 6281963.6636 
-546233.35102 877621.93698 6273731.1015 -583350.23841 910788.23143 6265708.5693 -622410.56648 943648.59635 6257138.3643 
-699779.40693 992439.04102 6241501.5857 -762671.0481 1062193.2553 6222748.5416 4273069.6378 -2444222.6483 4043524.493 
4243146.6522 -2411317.6568 4094137.5067 4240489.5658 -2410177.115 4097533.6854 4238985.5547 -2406143.6305 4101433.48 
4236921.3374 -2405742.1811 4103784.8268 4234028.3947 -2410788.7841 4103810.2734 4228389.1125 -2405946.1341 4112399.4684 
4223922.2753 -2402575.402 4118911.9127 4219124.2518 -2396636.6469 4127227.2713 4214918.7176 -2391437.174 4134484.8847 
4209559.7284 -2389130.4538 4141226.3489 4207138.4983 -2386154.7146 4145368.4564 4217869.0102 -2371409.8982 4142946.8465 
4211210.3426 -2363209.0495 4154308.2075 4201569.4792 -2355658.2298 4168243.8583 4195210.0947 -2350006.4142 4177770.0219 
4186735.2197 -2343914.7892 4189590.1823 4181567.6501 -2339740.9683 4197032.3789 4175718.338 -2345444.0571 4199645.0286 
4168078.2652 -2338250.0603 4211152.9927 4161279.0713 -2329972.6818 4222380.2841 4152345.7768 -2321236.6937 4235869.669 
4144998.9102 -2316591.5401 4245542.4356 4139385.0746 -2309780.0027 4254654.6164 4134128.2518 -2316228.4505 4256247.5009 
4124869.468 -2309282.8435 4268902.4634 4118720.4931 -2306116.0644 4276491.2632 4115572.7041 -2302311.9797 4281531.5995 
4112176.5254 -2300349.359 4285819.9303 4103542.5138 -2315501.8916 4285934.6302 4097234.4024 -2307900.1787 4295995.9331 
4090658.1516 -2302108.0266 4305299.1536 4086217.1409 -2296774.6739 4312308.3773 4083037.4486 -2292951.4092 4317316.8104 
4080246.2926 -2291734.3376 4320579.2992 4077615.0327 -2294945.9331 4321356.7514 4070987.8886 -2289134.6011 4330608.6988 
4064361.1243 -2283310.5458 4339841.6562 4059626.5275 -2279786.9439 4346073.4277 4056185.9121 -2277786.1533 4350310.8652 
4061933.4376 -2267686.4905 4350221.612 4056612.8082 -2257083.4018 4360620.9376 4047800.2903 -2244460.5324 4375199.971 
4043721.9894 -2235373.9883 4383560.1461 4036566.5424 -2226880.1233 4394392.4446 4033533.4532 -2221170.9577 4400025.2702 
4030493.9075 -2215448.8789 4405651.6392 4041014.0097 -2196256.4052 4405619.736 4036209.5296 -2192681.7201 4411762.634 
4031621.9158 -2187252.6577 4418605.8848 4025262.5313 -2183964.7222 4425972.1212 4021311.8434 -2179300.3886 4431815.3565 
4018673.7471 -2176190.9595 4435714.7713 4015156.4119 -2174145.5423 4439869.4122 4018654.757 -2169850.7549 4438811.667 
4012027.9927 -2162064.2688 4448528.8703 4006719.8968 -2155819.5841 4456283.643 3999863.7328 -2149868.1056 4465249.2206 
3993861.361 -2142833.4353 4473940.582 3987164.3336 -2134995.8661 4483581.4455 3983819.0482 -2131077.0814 4488385.9255 
3980256.8965 -2129018.9409 4492495.75 3978447.5255 -2124800.6834 4496063.9784 3975821.9626 -2128018.5456 4496866.8773 
3973126.8961 -2124883.6699 4500696.4087 3969762.2409 -2120958.4286 4505481.8988 3967742.4603 -2118594.3586 4508355.8514 
3964365.2716 -2114669.3072 4513134.505 3969412.0646 -2110087.7702 4510859.8781 3965161.7138 -2107220.4641 4515900.2144 
3961580.5721 -2105143.1437 4519984.5922 3957317.688 -2102282.1043 4525012.0153 3953054.8038 -2099408.3415 4530039.4385 
3954800.7481 -2097267.4044 4529510.7558 3951207.073 -2095183.6274 4533582.6001 3948295.1403 -2093890.2158 4536692.0292 
3946255.9898 -2091513.4224 4539540.1554 3948875.0961 -2088295.5601 4538750.1698 3947517.688 -2086715.3989 4540642.7171 
3944592.8421 -2085421.7974 4543758.6029 3943038.3174 -2085708.547 4544969.028 3945669.9572 -2082484.2281 4544172.5857 
3941572.6662 -2077737.098 4549856.6844 3935232.6515 -2072480.2752 4557681.3405 3926624.0866 -2066700.8464 4567647.3134 
3923877.7471 -2063527.6108 4571419.4949 3924941.5691 -2060590.0415 4571833.4777 3921315.9907 -2058481.0077 4575860.5056 
3918563.1945 -2055314.0388 4579620.1537 3921373.3406 -2050216.5424 4579492.5406 3915670.6316 -2045730.5253 4586329.7145 
3910649.2853 -2042028.417 4592223.8431 3906310.0612 -2039122.751 4597168.4697 3908935.2443 -2035904.8887 4596372.0274 
3902524.9665 -2030597.1726 4604107.81 3898873.9414 -2028481.6822 4608102.9346 3890163.2102 -2022651.1703 4617954.2077 
3880044.5573 -2015202.3271 4629627.7649 3876374.1624 -2013074.1134 4633603.5197 3871996.9583 -2010143.0007 4638497.2529 
3873927.4857 -2006122.2396 4638624.866 3867268.8181 -2002668.7109 4645621.1765 3863050.3707 -1997851.3176 4651164.7489 
3857953.0642 -1994104.5828 4656963.5475 3847936.198 -1993040.5709 4665635.9189 3839308.2633 -1993569.4435 4672466.6362 
3833841.4106 -1993569.4435 4676927.0167 3828718.2777 -1989809.9853 4682674.5422 3825009.5229 -1987656.135 4686599.7834 
3818988.1611 -1984954.422 4692608.6118 3816146.1117 -1981730.293 4696259.6369 3810124.7499 -1979028.5801 4702243.0186 
3805511.3096 -1977945.1983 4706403.7364 3802529.1138 -1984909.7954 4705881.1305 3792576.0541 -1981908.6095 4715108.011 
3783336.6401 -1979710.3225 4723397.923 3774951.3981 -1976441.5669 4731413.9986 3767279.422 -1973975.5204 4738506.0189 
3757096.9627 -1972822.2553 4746999.8839 3747965.7919 -1968712.2409 4755856.8385 3740255.8358 -1966227.2043 4762904.422 
3732526.5098 -1963729.2545 4769945.549 3727135.6173 -1961792.2704 4774922.0788 3720923.2156 -1969253.8369 4776687.0131 
3717029.8777 -1977282.6358 4776400.2635 3710020.654 -1975587.5849 4782504.4219 3699748.9414 -1974389.6931 4790896.5003 
3689311.6357 -1975058.7122 4798606.4565 3681371.9001 -1974415.1398 4804921.4044 3671794.8432 -1974007.4236 4812363.9808 
3665295.3122 -1974995.0956 4816881.7112 3659687.9332 -1974905.8424 4821150.6722 3652283.7167 -1976938.5363 4825897.8024 
3645191.6964 -1975211.5821 4831919.544 3635729.3394 -1972898.5952 4839935.6196 3626088.4759 -1972458.9758 4847288.563 
3621347.8024 -1971299.2541 4851277.6108 3614899.1647 -1980596.018 4852296.9961 3611126.9832 -1986719.5462 4852596.6589 
3603837.4665 -1986846.9694 4857923.7449 3596707.0863 -1985094.5685 4863887.7568 3587754.4219 -1985451.3913 4870298.0347 
3580611.5084 -1983686.457 4876230.5231 3574354.2902 -1980863.5876 4881926.7755 3567185.93 -1979092.1967 4887846.3507 
3560278.4929 -1983781.9769 4890962.2364 3555913.8222 -1987184.6123 4892746.5405 3544195.4484 -1990682.9574 4899768.6775 
3533376.0631 -1993116.9108 4906548.5015 3526596.2391 -1995907.877 4910263.3331 3523288.9338 -1996366.6763 4912436.1734 
3511526.5031 -1999845.8415 4919394.124 3500661.9215 -2002248.0816 4926104.0647 3494761.7161 -2003974.8459 4929570.5066 
3489778.7297 -2004650.3216 4932801.0921 3483292.1119 -2003669.1062 4937752.1753 3476799.0375 -2002681.4343 4942690.3453 
3471045.0554 -2002515.6512 4946768.2664 3462449.4038 -1997150.3953 4954905.4985 3450495.1737 -1992224.9486 4965151.7644 
3437916.9309 -1984572.1525 4976844.3117 3422879.0982 -1976275.7839 4990403.9598 3411753.5934 -1970254.2322 5000325.1162 
3404578.7766 -1966507.4973 5006639.6842 3396486.361 -1963818.5077 5013145.6718 3390980.7687 -1959855.0965 5018383.1248 
3376885.9813 -1979340.7763 5020231.2355 3359056.9925 -2002987.1739 5022792.6121 3349492.8489 -2017190.3944 5023493.7243 
3341750.6096 -2029290.8478 5023774.0173 3330727.2713 -2021351.302 5034211.323 3324272.5568 -2018420.1894 5039614.749 
3318741.5178 -2014437.7881 5044814.2219 3303881.8116 -2031106.8653 5047866.6809 3290844.7695 -2045660.452 5050485.4074 
3283217.6099 -2055849.368 5051307.2963 3269199.1625 -2071409.8066 5054028.1892 3256850.3194 -2086734.3889 5055678.4236 
3248228.8413 -2097917.2436 5056596.0224 3240709.9249 -2106181.7089 5057972.4205 3228118.7689 -2123335.222 5058845.5825 
3212654.0401 -2143540.8143 5060158.174 3194124.3188 -2168646.4065 5061184.016 3177608.1115 -2189782.3209 5062477.6175 
3162181.5526 -2208006.3025 5064204.1919 3164086.6334 -2205960.8853 5063911.3655 3159129.2835 -2212925.4824 5063962.2588 
3154171.9337 -2219883.8128 5064006.6955 3142141.5535 -2212931.939 5074450.4578 3132570.7633 -2206617.1811 5083052.5661 
3121266.9421 -2200480.9295 5092591.6429 3115697.7332 -2196485.8049 5097689.3291 3108242.4334 -2202781.193 5099511.6134 
3098996.7527 -2192732.6134 5109388.3331 3093599.5935 -2186864.1214 5115135.8585 3091273.8833 -2184347.1816 5117601.5253 
3080938.5542 -2193694.8388 5119819.1822 3074152.2735 -2184283.375 5127860.7044 3065027.5594 -2172348.7047 5138310.5435 
3058209.5654 -2162911.6044 5146301.1725 3049027.5013 -2150945.0308 5156681.1283 3042955.0563 -2142349.1893 5163792.5184 
3037475.1005 -2136436.0707 5169425.344 3028866.5357 -2145605.4114 5170674.129 3021991.0018 -2154596.2458 5170954.422 
3011184.15 -2140909.1746 5182844.4657 3000963.5206 -2129923.8163 5193224.4215 2995783.0378 -2120270.2296 5200118.9454 
2986925.8933 -2112814.9298 5208185.9143 2984886.9327 -2106538.5318 5211869.2224 2978349.2317 -2111801.8112 5213468.5636 
2970753.7855 -2099580.3913 5222669.6177 2959787.6072 -2085823.2468 5234311.2717 2951338.3688 -2072728.8548 5244206.9814 
2939658.5448 -2056206.1908 5257167.6836 2935956.4365 -2048196.5718 5262328.7966 2931139.0432 -2043073.4389 5266974.1402 
2942436.5977 -2032706.2064 5264699.5132 2933445.7633 -2025180.8335 5272556.0725 2926347.2865 -2015610.2332 5280113.3487 
2916661.9864 -2005344.7874 5289314.4028 2907613.6122 -1997800.4243 5297088.1655 2901133.451 -1990944.0705 5303179.7905 
2897074.33 -1986655.7397 5306977.4187 2900069.2492 -1981704.6565 5307194.2849 2895200.9625 -1976556.0769 5311737.462 
2891403.3344 -1968495.5646 5316764.8852 2885706.7022 -1962486.7362 5322047.1547 2891269.4546 -1955503.149 5321594.8119 
2889103.0709 -1951877.3807 5324086.3051 2886777.1708 -1947417.0002 5326960.2578 2881883.6274 -1942255.6973 5331465.075 
2889479.0736 -1934054.8486 5330343.5233 2894226.2038 -1928925.4489 5329629.8776 2897201.7531 -1923955.3757 5329808.3839 
2888070.7723 -1916372.6528 5337435.5435 2882329.5135 -1910331.9211 5342673.3763 2877404.0669 -1905157.8948 5347140.2135 
2869872.4272 -1899282.9462 5353238.2951 2873784.7552 -1893280.5744 5353257.2851 2877945.6629 -1883499.5645 5354468.0901 
2869247.8448 -1868321.3954 5364376.713 2863576.8492 -1860369.1263 5370130.3153 2860384.4336 -1855010.327 5373660.5637 
2857192.018 -1849651.3377 5377184.3555 2862742.0471 -1845369.4636 5375705.791 2855509.8803 -1833785.1595 5383460.5637 
2849921.6813 -1823914.8964 5389730.695 2847863.5408 -1813713.2571 5394229.4354 2844530.9787 -1810240.5485 5397134.9115 
2851240.5396 -1801122.291 5396650.6655 2844154.9759 -1785695.7321 5405444.1934 2840395.5177 -1773735.4252 5411318.9521 
2836514.9031 -1763673.9324 5416601.6014 2834201.9162 -1757251.1212 5419876.6236 2830098.3585 -1750980.9898 5424018.3513 
2837617.2749 -1742710.0679 5422763.1097 2831181.5504 -1730017.1252 5430135.4229 2825567.9047 -1718184.2415 5436768.6439 
2819941.3458 -1706338.8244 5443376.4181 2816927.4366 -1695200.5963 5448378.7744 2811931.7268 -1688044.7695 5453144.8946 
2820266.2654 -1680621.3731 5451144.104 2812052.8833 -1666131.403 5459778.1155 2805668.0521 -1649545.1224 5468036.1242 
2797390.8634 -1635023.249 5476574.8057 2789935.5637 -1621374.5377 5484374.0151 2785889.3559 -1611217.525 5489388.9048 
2780269.2536 -1595466.0466 5496786.6647 2776407.8189 -1579542.3285 5503286.1958 2771456.7357 -1568493.2587 5508900.0313 
2765632.8703 -1556558.4934 5515169.7829 -3920672.6081 2801341.5513 4166230.1545 -3939520.9823 2812212.0198 4141220.2721 
-3946345.243 2825408.5783 4125812.5134 -3952449.7812 2837196.6455 4111953.5823 -3958146.0335 2845996.4401 4100452.0748 
-3964805.0809 2853834.0093 4088638.371 -3972725.4467 2862589.1773 4074894.1398 -3985386.4861 2870547.713 4057014.2577 
-3994294.7137 2880456.1461 4041307.2159 -4007930.7017 2891779.3372 4019801.7554 -4016622.0632 2905517.3017 4001303.9374 
-4024956.7916 2917757.9015 3984099.3412 -4032520.1447 2927972.2642 3969029.6052 -4040217.5674 2938301.3266 3953647.6729 
-4048692.4424 2949331.1216 3936844.5261 -4059830.4806 2961782.1311 3916103.6046 -4069579.5872 2973793.3313 3896968.4808 
-4077041.5335 2990175.6588 3876712.1851 -4081839.5569 3005321.9247 3860030.1948 -4088096.7751 3023042.4803 3839652.3628 
-4093009.4984 3038851.4986 3822014.7936 -4097278.8391 3056801.264 3803204.7794 -4097540.1421 3070819.7114 3791690.3586 
-4100057.0819 3087374.2787 3775601.2373 -4096870.9331 3099901.6281 3768833.9467 -4094029.2635 3111931.8184 3762054.1227 
-4096150.8307 3122579.5337 3750973.4344 -4095367.3017 3130461.7295 3745295.7923 -4095551.8849 3136387.5715 3740166.5826 
-4104377.316 3153955.2573 3715800.0827 -4105696.3642 3170382.2114 3700437.1405 -4108601.8403 3184547.262 3685118.6349 
-4111705.1926 3192818.1839 3674560.1728 -4108659.1902 3202305.9876 3669736.7027 -4120434.5341 3215878.1691 3644752.2669 
-4129521.2681 3227264.9767 3624489.1348 -4145922.5857 3252803.9217 3582969.3117 -2768130.6303 -3991427.2177 4121301.2395 
-2815531.8586 -3954526.9117 4124742.2347 -2862703.8771 -3917263.5162 4127807.2271 -2909633.5827 -3879636.6513 4130508.7502 
-2956264.0053 -3841704.4265 4132841.1069 -2952351.4874 -3836619.2737 4140302.6733 -2960074.3568 -3827539.376 4143170.1694 
-2932222.425 -3802210.4609 4185792.1743 -2904147.3602 -3776563.2727 4228083.3728 -2898144.9884 -3784311.5888 4225292.2168 
-2891326.8045 -3781565.2492 4232371.7036 -2878442.6322 -3786573.6823 4236640.6646 -2835157.6849 -3757052.1462 4291388.9494 
-2778434.0562 -3737483.6698 4344875.536 -2820725.0648 -3666627.2736 4377653.1043 -2862493.4675 -3595037.8618 4409589.7937 
-2903720.4641 -3522747.3378 4440659.3978 -2944335.6017 -3449807.3545 4470869.133 -2920217.4915 -3435247.3111 4497637.8729 
-2884209.3376 -3428868.9365 4525464.3581 -2884680.8603 -3415130.7821 4535474.7677 -2853222.3401 -3408057.7519 4560459.5833 
-2841045.3569 -3401584.0473 4572795.893 -2850724.3903 -3388584.9853 4576396.0247 -2836349.3099 -3374127.1083 4595843.3447 
-2826727.4365 -3378695.7321 4598392.1878 -2809465.8701 -3371661.0618 4614003.5198 -2797480.1166 -3384940.037 4611581.9099 
-2744872.7689 -3358483.4933 4661920.7075 -2691864.1616 -3331536.6268 4711565.2292 -2700836.0059 -3312732.6894 4719625.7415 
-2660902.6108 -3292992.1632 4755742.1386 -2664764.0455 -3273506.8631 4766944.3631 -2631068.8784 -3258513.4671 4795650.0871 
-2658965.4368 -3202165.8411 4818015.7964 -2686581.7022 -3145474.1156 4839846.3664 -2640327.4723 -3128607.3521 4875854.5203 
-2643838.3509 -3117507.2941 4881028.5466 -2627398.6734 -3113289.0365 4892504.6074 -2631986.4771 -3100347.5143 4898213.773 
-2618675.4087 -3092866.7679 4909982.6603 -2620586.9461 -3041017.8823 4941040.1108 -2621791.2945 -3008170.2408 4960347.2843 
-2585693.8874 -2990277.6353 4989824.0039 -2768130.6303 -3991427.2177 4121301.2395 -2769532.475 -3962211.4213 4148280.3891 
-2757693.3246 -3948212.3437 4169327.0502 -2757846.1944 -3925617.2347 4190361.1779 -2753838.1566 -3906418.3044 4210757.6201 
-2750856.1506 -3883880.5454 4233340.1957 -2741858.8597 -3875195.6406 4247021.0001 -2736786.8099 -3863445.3635 4260879.9312 
-2731243.0476 -3853052.8743 4273738.467 -2722309.5632 -3846279.5069 4285443.9275 -2713650.105 -3845565.8612 4291535.5525 
-2707150.574 -3837912.8752 4302406.2109 -2708800.9983 -3830311.1622 4308096.3864 -2697044.6445 -3810723.6958 4332609.4894 
-2688741.8193 -3798992.7886 4347934.0718 -2688302.1998 -3790792.1298 4355319.2983 -2686167.5295 -3780641.5737 4365374.5244 
-2684383.4152 -3766979.7592 4378175.7102 -2670874.8504 -3747194.7963 4403179.5158 -2660494.7047 -3736763.9472 4418198.3585 
-2655671.2346 -3732889.5993 4424334.4202 -2648432.6112 -3731946.5539 4429432.1065 -2637549.2295 -3715232.6603 4449790.5686 
-2628501.0452 -3702495.281 4465625.2234 -2622199.0106 -3693064.8272 4477043.5545 -2623301.3824 -3686711.8993 4481606.1015 
-2616394.1352 -3676586.7898 4493859.2348 -2606103.4327 -3662402.7493 4511273.8609 -2594295.9956 -3634786.294 4540126.5678 
-2581067.7238 -3597892.4446 4576657.3277 -2572076.8894 -3569823.6465 4603438.601 -2561996.4066 -3542379.6208 4630009.8445 
-2553935.8943 -3515451.3645 4654745.8906 -2540949.7454 -3486426.9876 4683407.1779 -2538859.7016 -3447405.1144 4713126.2105 
-2533666.4954 -3425803.9441 4731515.7852 -2533743.0253 -3395192.7595 4753339.8986 -2536865.1778 -3364333.1852 4773437.0577 
-2548526.0117 -3335984.0941 4787009.619 -2555414.079 -3317314.2264 4796242.5764 -2557070.77 -3294419.4546 4811019.486 
-2537750.8732 -3265528.7676 4840655.3421 -2532615.2068 -3238224.8883 4861498.43 -2541497.6081 -3220058.2566 4868870.7433 
-2538203.4059 -3200808.4331 4883169.4837 -2543173.4791 -3172242.8555 4899093.0119 -2550150.7995 -3148054.6721 4910970.5222 
-2565583.815 -3116730.0317 4922816.1292 -2570267.3285 -3091732.6827 4936031.6777 -2568655.0741 -3063154.192 4954529.4957 
-2571044.5908 -3041126.1256 4966763.639 -2582023.6824 -3018040.5039 4975085.4542 -2585693.8874 -2990277.6353 4989824.0039 
-3920672.6081 2801341.5513 4166230.1545 -3922507.8056 2738717.5273 4205685.7603 -3923852.3004 2675666.6071 4244573.9436 
-3928643.8673 2630195.9063 4268335.041 -3933155.1411 2584585.0589 4291822.3021 -3941955.1256 2526319.6288 4318183.5158 
-3951404.5694 2436627.3919 4360595.4909 -3958299.0932 2349241.6853 4401822.1078 -3968398.756 2259957.1645 4439060.0567 
-3971775.9447 2212753.4326 4459641.8417 -3974866.3838 2165454.1808 4479917.5072 -3973865.9885 2091640.8455 4515492.3084 
-3970737.1895 2033681.1551 4544433.8887 -3967187.9511 1975549.4149 4572897.6796 -3950621.0403 1910229.9446 4614519.6691 
-3935895.0241 1863516.9153 4645888.936 -3920863.6479 1816593.4764 4676863.2102 -3905137.6162 1759793.5077 4711386.7228 
-3888939.8718 1702834.2125 4745362.1829 -3872028.4817 1641662.9266 4780376.3981 -3852689.7848 1590483.0601 4812975.4601 
-3832936.3453 1539201.2172 4845090.276 -3822906.9457 1494794.7181 4866723.3496 -3812648.1464 1450267.1576 4888063.2169 
-3773593.9901 1382653.8804 4937376.1725 -3738930.331 1316761.1008 4981266.3324 -3691274.0664 1274973.5182 5027157.6626 
-3663798.1374 1219919.3988 5060585.0701 -3652430.3198 1154549.0352 5083925.7281 -3606023.2201 1116941.5401 5125006.1216 
-3553211.9193 1067233.4967 5171954.8173 -3522766.7077 1032130.2182 5199647.6126 -3492059.8133 996982.21815 5226964.4051 
-3492059.8133 996982.21815 5226964.4051 -3527545.7411 955309.33535 5210996.0604 -3574985.1394 906538.07062 5187483.3527 
-3615784.8601 874283.01322 5164850.2636 -3659675.3998 817164.39164 5143389.2398 -3699978.3411 773771.05871 5121367.63 
-3740192.0292 738138.86011 5097517.2794 -3782374.6047 683830.28966 5074074.455 -3824423.4903 626272.00118 5050090.4145 
-3877349.1111 555485.48833 5018128.2785 -3917174.263 483469.13302 4994756.0971 -3951200.6164 400027.80005 4975423.0971 
-3985080.7464 308666.0538 4955007.2851 -4008816.3972 229742.45131 4940224.2987 -4029213.2192 163237.89572 4926352.4544 
-4037911.0372 105877.15112 4920827.872 -4048998.1821 22047.120231 4912856.6129 -4049437.9914 -56404.946219 4912225.7638 
-4048940.8321 -107438.28669 4911785.9545 -4047787.3771 -158471.64497 4911359.0584 -4044646.0447 -205739.13592 4912187.4039 
-4033150.9938 -266254.03118 4918680.4783 -4016736.763 -307028.44772 4929653.3031 -4005579.355 -356997.67537 4935324.1088 
-3994230.9072 -411427.28359 4940249.7454 -3982385.3002 -465850.55387 4944945.9822 -3966015.506 -523262.28672 4952305.7621 
-3949129.9424 -580763.17781 4959340.4324 -3929708.0691 -629649.18986 4968726.4495 -3909833.853 -678229.31984 4977940.037 
-3883708.4956 -728357.85019 4991206.8586 -3869199.3456 -754056.12159 4998598.1619 -3833363.2414 -815507.70056 5016408.1607 
-3793971.822 -888543.58363 5033803.417 -3765884.0339 -931401.63481 5047044.4121 -3737522.0296 -974246.96267 5059928.7744 
-3710026.7308 -1017385.4018 5071589.4184 -3682264.0522 -1060466.491 5082906.3427 -3651557.5376 -1104070.0911 5095669.1687 
-3620583.2634 -1147616.3414 5108049.9151 -3594304.8463 -1191207.1232 5116563.1499 -3567778.4193 -1234759.8301 5124744.8187 
-3540499.9866 -1279618.6718 5132601.378 -3512991.7746 -1324369.2704 5140094.8477 -3460136.0371 -1398972.5913 5156050.2791 
-3419228.0731 -1446660.6642 5170068.7265 -3377956.6398 -1494227.5806 5183558.1114 -3332881.1216 -1537251.4148 5200023.6154 
-3266032.3834 -1581676.9989 5228844.0392 -3207664.9768 -1622839.9991 5252146.3373 -3144199.694 -1655853.4237 5279960.289 
-3094217.7193 -1699794.6668 5295399.5712 -3058744.7047 -1727238.8824 5307034.7686 -3034652.2311 -1746342.1029 5314560.1416 
-2983892.994 -1777348.2803 5332866.9198 -2920070.8884 -1806500.2702 5358170.0084 -2855892.1498 -1822984.5743 5386901.5589 
-2792637.2766 -1830305.9943 5417295.8772 -2740259.5185 -1830012.978 5443892.5674 -2687671.3507 -1829560.4453 5470024.3814 
-2687671.3507 -1829560.4453 5470024.3814 -2638829.9178 -1849307.2382 5487024.6449 -2590600.3439 -1860439.1996 5506076.972 
-2536036.8322 -1888100.0916 5521937.0735 -2485303.0418 -1913594.4099 5536114.6574 -2462962.7792 -1952259.6502 5532616.3123 
-2451849.9978 -1980232.7385 5527646.239 -2413554.3036 -2016043.396 5531526.6638 -2408947.32 -2065012.2521 5515552.2423 
-2413293.0007 -2108220.8594 5497404.6006 -2425087.7144 -2156654.3863 5473535.26 -2433938.4023 -2205489.3626 5450251.9519 
-2440272.1503 -2267087.5447 5422259.8736 -2455940.8321 -2298628.8614 5402009.6548 -2472055.59 -2344086.839 5375234.4582 
-2494153.7297 -2391054.7146 5344457.6805 -2514601.445 -2436563.5854 5314445.4417 -2528594.4457 -2491005.9407 5282681.1819 
-2536310.8585 -2520425.5003 5265113.4961 -2546142.9516 -2575734.3711 5233724.8592 -2554808.8664 -2631667.8243 5201788.5497 
-2567820.4619 -2673958.8329 5173930.1612 -2576556.4499 -2722156.6933 5144568.1415 -2585368.9678 -2763466.2967 5118232.3744 
-2590944.4435 -2806407.1444 5092151.8335 -2589778.2651 -2859231.1685 5063471.5562 -2586534.9562 -2914106.6866 5033962.9333 
-2586955.5856 -2957449.1737 5008570.5914 -2585693.8874 -2990277.6353 4989824.0039 -2768130.6303 -3991427.2177 4121301.2395 
-2745484.4381 -4007274.406 4121071.8398 -2743770.3971 -4042950.9938 4087453.3925 -2743368.9476 -4084107.7273 4046882.6916 
-2739698.7426 -4124047.5791 4008937.5536 -2736168.6841 -4164630.8134 3969462.9579 -2716619.3876 -4232218.6439 3911369.3876 
-2705927.2356 -4267150.0626 3880917.7194 -2689512.8149 -4303285.4497 3852511.2784 -2654409.5364 -4364870.9085 3807614.2666 
-2635561.1622 -4404230.8044 3775461.0908 -2614457.1512 -4449471.9157 3737152.4835 -2590332.7743 -4498179.4689 3695690.0103 
-2557332.073 -4551710.8719 3653175.8687 -2528581.7224 -4578250.2122 3640075.0201 -2493000.4646 -4610709.1277 3623731.0524 
-2469366.6004 -4630162.9043 3615154.011 -2446605.8983 -4651018.5256 3603913.8064 -2429847.5679 -4666304.7481 3595541.0979 
-2406302.9569 -4690416.4016 3580069.9124 -2369262.5045 -4718962.9891 3567326.0765 -2339511.5687 -4752639.1661 3542334.8043 
-2312691.9354 -4789787.8618 3509971.5986 -2312691.9354 -4789787.8618 3509971.5986 -2302777.0457 -4807126.148 3492862.7121 
-2315763.1946 -4808145.5333 3482935.0991 -2307791.9354 -4818028.3298 3474606.8273 -2302706.9725 -4825993.5122 3466967.1342 
-2311009.7977 -4827554.4934 3459314.1482 -2301069.4613 -4843427.1283 3443823.9727 -2289236.5776 -4862231.0658 3425287.7948 
-2301642.7706 -4862575.1653 3416532.6269 -2285451.6728 -4882245.4283 3399423.7404 -2264137.2521 -4907918.443 3376790.2715 
-2248430.2104 -4928716.3346 3357069.1152 -2236533.71 -4946010.184 3339648.0324 -2229167.6635 -4958512.0869 3326107.3744 
-2223910.8406 -4967432.848 3316364.7244 -2246155.3935 -4967738.5876 3300976.3355 -2257905.4806 -4968528.9531 3291819.7181 
-2250488.5408 -4983579.3192 3274220.5088 -2240783.8708 -5002542.3932 3252032.9261 -2232137.136 -5016764.7936 3236134.8445 
-2221024.3546 -5034064.7199 3216993.2642 -2245983.5336 -5034867.6188 3198469.9996 -2237521.382 -5047121.1319 3185158.9311 
-2227530.1523 -5060527.7202 3170949.254 -2239770.7522 -5061477.2222 3160868.7712 -2250399.2876 -5061846.7684 3152763.6323 
-2237827.3115 -5079841.3503 3132851.0563 -2220406.2288 -5101474.0441 3110160.4275 -2203252.9056 -5120571.1877 3091038.027 
-2209694.8968 -5121252.9302 3085347.8515 -2192120.9443 -5142586.3409 3062472.4495 -2171896.172 -5163709.342 3041406.6085 
-2155386.4213 -5180786.3252 3024170.2988 -2135097.8426 -5200469.5015 3004850.402 -2111604.3148 -5222459.208 2983383.1115 
-2087964.1839 -5243888.3286 2962495.7768 -2071537.2298 -5257282.3834 2950344.2402 -2061533.0869 -5265272.6326 2943143.9767 
-2084026.4093 -5271982.5733 2915342.9382 -2068026.1613 -5284305.9697 2904478.7364 -2083612.0466 -5287931.5481 2886802.8073 
-2061647.7867 -5307544.8411 2866648.1084 -2039900.2032 -5326061.6491 2847933.614 -2023492.2391 -5338665.3385 2836088.007 
-2017196.851 -5343992.4245 2830569.8812 -2028717.3486 -5346815.104 2817061.1265 -2012233.0445 -5361407.0506 2801220.3948 
-1988911.5665 -5379325.2926 2783582.6358 -1966877.0435 -5396918.4251 2765250.4109 -1954184.1009 -5406622.7152 2755335.7111 
-1948780.6749 -5411172.349 2750263.4715 -1971331.1573 -5414129.0982 2728439.3581 -1953196.4289 -5428784.8513 2712407.3968 
-1937119.841 -5442777.4723 2695961.2627 -1916704.029 -5457974.8213 2679891.1314 -1902188.6122 -5469113.2393 2667580.4583 
-1892286.4459 -5476332.4928 2659844.8656 -1916748.6556 -5480722.99 2633330.972 -1894178.9932 -5500463.5162 2608556.566 
-1877809.1991 -5514131.4075 2591600.7392 -1861394.9683 -5527837.2788 2574294.3563 -1846886.0081 -5539345.243 2560072.1458 
-1839812.9779 -5544570.1625 2553878.5443 -1873533.5916 -5550744.9639 2515914.0365 -1850244.0169 -5565935.4765 2499652.6755 
-1814790.1822 -5582037.5111 2489782.6023 -1840131.6308 -5586274.9486 2461713.8042 2872771.6366 -5302765.8076 2071779.3528 
2942143.5814 -5254134.5944 2097981.0501 3010961.2069 -5204452.0926 2123851.3713 3087482.5219 -5165041.3034 2110253.5533 
3163793.6171 -5124419.7092 2096298.7225 3239231.7402 -5083167.2659 2081566.8193 3307157.2137 -5054735.3783 2043901.7844 
3376076.6258 -5027635.452 1997857.7743 3440854.6901 -5003441.0019 1947793.003 3505007.982 -4978341.4865 1897384.1321 
3568670.5713 -4939988.4424 1878994.5574 3631886.8947 -4901036.4525 1859910.327 3685035.8384 -4869170.0263 1839067.6188 
3737732.4393 -4836704.6542 1818422.2172 3796590.5485 -4800594.7137 1792175.8933 3854588.4089 -4764121.3038 1765668.4563 
3904717.1767 -4731216.5022 1744009.9361 3957062.8417 -4682999.2719 1756059.4962 4004483.2499 -4640402.7135 1761577.6219 
4060729.0893 -4592172.9498 1759226.2752 4127322.9811 -4534755.0452 1753236.6267 4153741.1649 -4516907.0663 1736937.0958 
4210668.7467 -4478547.5657 1699042.8511 -1361014.6351 -6232242.8019 -1720.4399334 -1369444.7885 -6230140.2247 -56028.99684 
-1382953.3533 -6225762.6407 -142815.63896 -1369368.2587 -6228763.8266 -142872.98888 -1376065.2861 -6226584.5296 -170623.03913 
-1359179.4376 -6230095.4082 -177657.73322 -1369279.1004 -6226788.4827 -212327.77771 -1393065.7395 -6221512.29 -212181.22208 
-1399737.2253 -6217708.2052 -271103.11411 -1406434.2527 -6213522.0408 -326507.64723 -1386031.0691 -6218090.6646 -326705.19112 
-1385897.2843 -6214936.419 -382179.82122 -1402681.0613 -6206506.3605 -451239.56975 -1500408.4588 -6184459.3041 -439521.43335 
-1597779.0334 -6160857.3432 -427695.00625 -1614371.7706 -6154045.6159 -461810.70775 -1687554.0669 -6134993.2888 -453692.75057 
-1703993.9343 -6126142.7908 -508186.09411 -1779858.9535 -6105229.8195 -499813.2906 -1799389.07 -6094161.6647 -560755.12943 
-1812228.6158 -6084049.4685 -625112.32692 -1828591.9533 -6079193.7153 -624679.02169 -1828451.8068 -6074503.9351 -668849.71189 
-1838315.6133 -6071560.0991 -668569.37143 -1847924.5734 -6063212.8372 -715779.51247 -1900104.8352 -6048066.7613 -707362.08236 
-1916098.6265 -6037744.1554 -750774.54776 -1919182.609 -6030671.1252 -797920.92973 -1941618.5814 -6018545.2251 -834152.12166 
-1957370.0598 -6001710.175 -914209.95176 -1970292.4021 -5995491.3168 -927075.03909 -1979455.4762 -5978325.0804 -1013747.0051 
-2054848.9727 -5954882.6358 -1001722.9866 -2129961.9863 -5930490.3095 -989533.37502 -2135792.4982 -5913916.9421 -1072139.9533 
-2157935.0746 -5906104.8195 -1070878.35 -2170322.2775 -5893054.8642 -1116425.3908 -2172858.3974 -5876513.4001 -1195374.4875 
-2188590.8858 -5870204.9088 -1197636.4861 -2188163.9897 -5857186.8567 -1260082.0987 -2206961.2806 -5848279.0089 -1268614.2286 
-2228530.5476 -5828009.8 -1322661.4961 -2237215.6423 -5804815.3653 -1406727.364 -2218341.6317 -5811697.3557 -1408199.282 
-2224044.7204 -5791714.5166 -1479253.4595 -2242765.6714 -5784890.2559 -1477692.2883 -2248965.5396 -5778429.0848 -1493373.7884 
-2308091.4084 -5757229.3639 -1485064.6965 -2367026.0475 -5735450.067 -1476596.2781 -2363514.979 -5723247.4473 -1528324.1971 
-2375640.879 -5712447.052 -1549625.7995 -2371811.3476 -5694261.4303 -1620342.2391 -2387161.5665 -5688278.0485 -1618812.9712 
-2391265.1242 -5669474.1111 -1677282.3544 -2395190.1755 -5650116.0443 -1735586.3342 -2397560.5123 -5630254.7414 -1795412.9355 
-2388302.1083 -5633861.3298 -1796438.7774 -2403289.0477 -5616771.4334 -1829433.0221 -2390965.6513 -5621569.4568 -1830834.8669 
-2405850.6142 -5602198.8566 -1870016.2565 -2393546.2078 -5606983.9668 -1871456.4611 -2408265.5776 -5584153.0015 -1919896.2547 
-2392921.8153 -5590110.9366 -1921731.4521 -2407609.2818 -5566853.0753 -1969967.4826 -2395355.9586 -5571594.1286 -1971484.0271 
-2400861.361 -5552586.2381 -2017553.6739 -2409660.9657 -5536560.5435 -2050624.2585 -2394310.9367 -5542480.1188 -2052593.3357 
-2411903.8793 -5514590.2069 -2106067.0091 -2399637.8328 -5519311.8904 -2107685.5302 -2408711.6536 -5487974.1468 -2177535.4543 
-2412687.7881 -5471336.973 -2214442.027 -2421551.1993 -5456572.9766 -2240853.9441 -2436002.8095 -5449066.5936 -2243434.6905 
-2440960.3493 -5424037.7212 -2297673.0927 -2441960.7446 -5403819.0258 -2343481.4365 -2446637.8015 -5398842.4959 -2350038.1275 
-2442190.1443 -5378534.9271 -2400338.7551 1076313.6792 -4318845.8884 -4554444.2983 1105937.0969 -4377487.5112 -4491355.2082 
1124237.4185 -4437212.3258 -4428176.8649 1143627.4835 -4464357.0685 -4396023.689 1162265.5429 -4512981.8251 -4341517.7171 
1187664.3414 -4560077.1239 -4285443.9275 1196693.4407 -4593166.8885 -4247677.2959 1205646.1051 -4625976.3601 -4209629.9915 
1231503.7029 -4657409.4336 -4167555.6593 1240379.9323 -4692926.8849 -4125150.1408 1255933.9144 -4729387.7614 -4078850.9045 
1258686.6156 -4746999.8839 -4057632.1936 1281135.2164 -4777349.7655 -4015054.6253 1303462.6608 -4809451.6683 -3969584.1143 
1326070.5881 -4832314.5368 -3934410.3827 1341509.8702 -4868864.2867 -3884128.9351 1369756.9848 -4919719.2335 -3809978.1468 
1395270.4831 -4951126.8604 -3760034.3421 1437389.347 -4979106.4053 -3707204.0513 1469160.1583 -5016184.8378 -3644656.5571 
1517670.2151 -5041290.8099 -3590099.3121 1553092.1465 -5060183.6207 -3548400.9826 1568563.4269 -5086372.4048 -3504173.1799 
1577133.7268 -5123056.2243 -3446805.7888 1596001.1859 -5143835.1259 -3407203.9597 1617391.9466 -5185928.828 -3332995.8215 
1632646.6455 -5215552.1507 -3279260.4654 1647480.5253 -5257084.887 -3205173.4836 1662563.1745 -5290544.1978 -3142128.8302 
1684215.2381 -5320020.9174 -3080638.8913 1718878.8972 -5343998.8811 -3019799.1714 1747145.0018 -5363720.0375 -2968517.3285 
1765661.9997 -5385212.9645 -2918567.0671 1784007.1378 -5410962.3191 -2859575.268 1808399.0843 -5445224.5288 -2778599.8392 
1829668.8784 -5476013.84 -2703665.1421 1847574.2072 -5510913.3554 -2619822.2172 1865619.6824 -5540224.4818 -2544626.407 
1880434.5721 -5570701.9765 -2466499.2943 1895211.2918 -5601351.1412 -2384969.5462 1895211.2918 -5601351.1412 -2384969.5462 
1910134.4247 -5626909.456 -2312284.0294 1909414.3224 -5648529.6164 -2259918.9945 1911893.0923 -5668741.4753 -2206942.2905 
1904934.9518 -5688794.1978 -2161191.2967 1885124.3523 -5715639.2777 -2107417.9605 1839583.5782 -5752539.5837 -2046788.2705 
1797216.2297 -5783201.6616 -1997762.2544 1735203.8748 -5820516.3302 -1943842.3151 1682781.4901 -5849018.1012 -1904234.0294 
1620087.3928 -5885497.9677 -1845700.8398 1553831.3338 -5919613.5743 -1793157.2986 1493749.6963 -5954028.8436 -1729571.0492 
1493749.6963 -5954028.8436 -1729571.0492 1446762.6407 -5981517.3061 -1674134.7553 1411448.9526 -6001143.1324 -1633819.0906 
1376020.6595 -6020291.1694 -1593369.5462 1325280.4125 -6047238.4157 -1533619.2849 1274387.2957 -6072388.4447 -1476698.2546 
1248810.0858 -6087432.734 -1436306.1551 1223156.346 -6102101.0206 -1395837.6206 1175162.4386 -6129730.0093 -1314154.9078 
1127181.3494 -6152459.188 -1248778.1825 1089204.2132 -6175041.3837 -1168968.932 1051239.8003 -6194539.9768 -1098940.5965 
1016748.191 -6209590.343 -1045517.7215 982033.54365 -6228884.9831 -961031.41415 947344.34295 -6245369.0972 -886466.26318 
929815.01698 -6258291.8193 -811181.10484 905429.33714 -6270819.1688 -739298.53436 887931.8195 -6281466.5043 -667071.95932 
884210.62624 -6290304.4689 -584057.52245 883968.40829 -6297556.0055 -500883.80662 894080.79439 -6302481.642 -414020.70585 
930496.75941 -6300486.9282 -361037.5215 930496.75941 -6300486.9282 -361037.5215 924889.47541 -6302819.2849 -333880.05544 
938538.28168 -6303826.1368 -271294.2726 931573.68457 -6307483.6185 -201909.55701 952123.37637 -6306476.7666 -121960.07697 
972666.7065 -6304450.5293 -31668.840799 1010350.7314 -6298416.2543 48083.113164 1044574.6762 -6291916.7233 117270.28486 
1075332.3689 -6285449.0955 172483.67136 1129851.1591 -6273992.4045 230825.69066 1163858.5224 -6266192.8153 270128.18921 
1197776.7275 -6257966.7099 309411.57903 1251932.3332 -6243591.6295 377432.66733 1285767.6467 -6231694.7494 452297.31497 
1312867.7629 -6219244.1196 537274.27751 1329881.0345 -6208672.7443 611979.62245 1318105.5007 -6205448.6153 667275.81739 
-3580312.2253 4507202.3964 2740323.1351 -3608520.7901 4459654.3751 2780543.2799 -3627847.3334 4422907.1288 2813664.9477 
-3645261.9596 4377506.5012 2861435.7222 -3659955.6928 4329283.1941 2915177.345 -3666856.6732 4289846.9582 2964063.2147 
-3661733.5403 4264830.6191 3005914.6038 -3688623.4367 4228797.0185 3023768.8494 -3699595.8817 4209827.4879 3036729.5516 
-3700551.8403 4187576.4785 3065983.3281 -3700851.1233 4179522.4228 3076529.0669 -3703820.406 4167613.0092 3088999.0665 
-3698716.6429 4142602.747 3128244.2626 -3705534.8268 4104887.0087 3169343.6462 -3714066.6718 4067139.3671 3207537.3638 
-3719597.7108 4040784.61 3234146.9672 -3723121.5026 4017233.9222 3259163.3062 -3723121.5026 4017233.9222 3259163.3062 
-3724580.6973 3999016.3972 3279693.8181 -3731003.5086 3973534.4224 3303123.7292 -3739994.5328 3941126.78 3331472.8203 
-3762124.3858 3890086.8702 3366130.0228 -3792703.6672 3833834.954 3396021.1051 -3809703.9306 3806250.402 3407917.6054 
-3825876.2283 3778621.4132 3420438.4983 -3839403.9731 3758250.0379 3427670.665 -3859947.3982 3724255.5878 3441580.8692 
-3884237.5581 3682913.8913 3458581.5125 -3908406.5616 3640820.569 3475760.2823 -3925132.9887 3590928.0374 3508448.5974 
-3941706.356 3540913.9695 3540340.4703 -3946810.499 3506237.777 3568848.6979 -3929765.419 3475785.7289 3616804.6253 
-3918200.105 3445372.4205 3657942.3687 -3918200.105 3445372.4205 3657942.3687 -3952634.3644 3407733.0222 3656164.5212 
-3971705.6816 3400678.982 3642133.1606 -4008057.935 3372349.2608 3628713.659 -4042326.6013 3339348.3696 3621265.0058 
-4072262.5 3312981.0791 3611987.232 -4090218.7221 3299918.5903 3603703.7766 -4113629.2634 3279050.4355 3596159.4136 
-4145922.5857 3252803.9217 3582969.3117 -4439385.1662 4514243.5234 776294.40773 -4510197.1257 4445330.188 765786.98131 
-4568456.2891 4383598.1262 776160.57542 -4608434.1209 4333813.8378 817992.73717 -4634750.5181 4300246.2838 845793.77568 
-4660735.729 4266442.8735 873543.82592 -4686453.1803 4222367.7506 946522.35907 -4701930.8224 4187946.0247 1019392.554 
-4703122.2575 4181650.4467 1039438.9148 -4703122.2575 4181650.4467 1039438.9148 -4710685.6105 4156825.1474 1102413.3051 
-4710048.6846 4136421.8688 1178698.9537 -4709959.4314 4121371.5026 1230305.7162 -4761419.7807 4069082.8078 1206181.3393 
-4804226.7487 4016953.2495 1211132.4225 -4852456.5125 3961517.1454 1201504.2824 -4906395.4418 3887646.2703 1223392.1074 
-4937178.6761 3840449.1849 1248185.5983 -4990811.486 3766176.8603 1261050.6856 -4996782.3343 3752094.9862 1279134.4258 
-4996782.3343 3752094.9862 1279134.4258 -5024595.9063 3717596.9203 1270927.2155 -5061279.7258 3656087.8015 1303188.7295 
-5086238.7149 3612063.9517 1328345.31 -5107973.5751 3573455.6816 1349086.2315 -5126146.6634 3543029.46 1360275.4478 
-5140553.647 3507830.6615 1396398.3015 -5165449.2095 3455223.3138 1434910.672 -5189522.5031 3402138.1767 1474098.5182 
-5196888.3598 3349034.0495 1566237.6217 -5194237.73 3313943.4943 1647021.7259 -5189873.0593 3282930.8603 1720733.0847 
-5172910.7759 3259195.2095 1813777.0636 -5155884.686 3239805.2394 1894631.336 -5130989.1236 3229781.9166 1976995.8862 
-5113995.3167 3217962.136 2038887.0846 -5086563.8244 3225665.6356 2094221.5919 -5059584.6748 3228278.2853 2154284.0495 
-5027291.3525 3238995.8839 2212606.8295 -5000095.7165 3244743.4094 2264844.6311 -4971211.4861 3250344.3317 2319369.7829 
-4941753.7565 3265299.3679 2360660.3962 -4897672.1771 3295815.2225 2409291.4195 -4834984.5364 3348900.3596 2461777.6108 
-4781300.4534 3384602.3941 2516812.6452 -4721983.165 3427951.3378 2569241.2966 -4668891.9511 3452024.6315 2632808.3661 
-4668891.9511 3452024.6315 2632808.3661 -4623752.6264 3472115.7138 2685173.5908 -4623561.5866 3471720.3412 2686020.9264 
-4595645.8483 3453642.9627 2755845.4038 -4576912.174 3420107.312 2827422.0922 -4562300.8575 3405591.7053 2867992.6032 
-4531638.7796 3384799.8905 2939830.5945 -4507578.3992 3375535.0299 2986785.7468 -4473124.7699 3370495.0733 3043356.3159 
-4438588.7239 3375420.33 3087832.8881 -4396329.4287 3372565.7473 3150348.6689 -4371918.4921 3357967.7238 3199209.0919 
-4331207.6447 3356725.0156 3255021.5786 -4299914.7177 3340285.3382 3312522.2797 -4265531.3516 3320748.765 3375592.3798 
-4232403.6069 3307424.9732 3429576.1256 -4200193.0811 3280133.6274 3494340.8968 -4169473.6533 3274226.5856 3536128.4795 
-4145922.5857 3252803.9217 3582969.3117 -5813373.0369 -510135.94392 -2567763.1119 -5814596.3752 -438119.58861 -2578206.8743 
-5814794.2514 -370321.51459 -2588312.8037 -5814450.1519 -316223.2351 -2596182.2762 -5813691.6897 -262067.60569 -2603854.0624 
-6158314.9567 -393273.47016 -1611300.3216 -6154115.8791 -393764.10158 -1627045.5333 -6150432.9507 -395682.0956 -1640350.335 
-6146297.2999 -394120.94817 -1656050.9201 -6142474.225 -392801.94747 -1670388.0204 -6139020.6964 -387634.25915 -1684138.7082 
-6136331.7068 -379401.62587 -1695697.5657 -6134668.5591 -372417.92004 -1703203.7587 -6132087.8127 -357870.6475 -1715495.2519 
-6136159.657 -307621.05565 -1710703.4951 -6136159.657 -307621.05565 -1710703.4951 -6132246.9492 -294768.71538 -1726799.263 
-6129985.2355 -280074.88722 -1737185.6754 -6127684.782 -268293.06297 -1747062.2052 -6126155.3242 -259442.35137 -1753714.606 
-6124492.5563 -253051.22973 -1760398.7203 -6122051.9564 -249737.80011 -1769262.3214 -6119923.5528 -248157.54394 -1776787.5044 
-6114717.6232 -265584.9646 -1792029.4801 -6110302.0592 -281317.42926 -1804556.8296 -6105102.5863 -298483.59445 -1819231.5727 
-6099590.5373 -312406.427 -1835218.9075 -6093836.5552 -327788.43047 -1851473.8119 -6088120.9331 -338244.86862 -1868200.2389 
-6081385.9255 -349268.44431 -1887864.2353 -6074867.4045 -358252.96448 -1906961.189 -6068406.2333 -367759.97186 -1925503.6336 
-6062626.8046 -374839.2688 -1942147.454 -6057395.4284 -380777.97648 -1957153.3835 -6050443.5546 -390839.37433 -1976454.2903 
-6047767.0984 -391412.8498 -1984457.4527 -6043255.8246 -387621.51209 -1998807.2762 -6041955.7664 -385843.71203 -2003050.9804 
-6036743.7601 -375565.6853 -2020522.9565 -6032659.0025 -367810.96011 -2034006.0747 -6029868.2263 -363414.26741 -2042997.0989 
-6027102.8967 -359763.12366 -2051726.6303 -6024668.7534 -359304.3243 -2058888.7239 -6019539.1638 -360789.01309 -2073493.3938 
-6010548.1396 -362464.83663 -2098949.5422 -6000404.0401 -421800.92517 -2116695.5445 -6137994.8545 -662898.28089 -1600512.6497 
-6136114.8405 -655220.03809 -1610758.7256 -6133387.8708 -643884.21866 -1625567.3486 -6130520.3748 -636014.79363 -1639337.2164 
-6127742.1319 -629024.7024 -1652278.7386 -6124855.6459 -623436.50338 -1664958.9579 -6120388.8087 -614776.95027 -1684368.1079 
-6125410.1551 -582579.19532 -1677575.5606 -6122886.7586 -571562.02877 -1690447.0096 -6120548.3251 -564444.51436 -1701209.2348 
-6117094.4166 -554332.12826 -1716782.3968 -6113806.4811 -549298.2485 -1729966.2319 -6109550.0536 -548489.03543 -1745080.5945 
-6105217.2861 -577003.71963 -1751012.8931 -6101311.0349 -580183.36442 -1763444.7227 -6096716.9645 -579635.35935 -1779342.8042 
-6091982.3678 -578437.42016 -1795750.5784 -6084062.0019 -580470.06655 -1821589.1862 -6079474.3881 -581636.14994 -1836384.8959 
-6074943.7444 -581846.41716 -1851155.159 -6068648.1664 -581884.68209 -1871539.2576 -6067928.0641 -577328.68668 -1875247.8225 
-6061046.4535 -573046.71755 -1898518.2173 -6059415.2091 -575875.85369 -1902832.1847 -6051239.9969 -572333.02438 -1929556.298 
-6050265.0483 -576181.73575 -1931455.1121 -6043153.6582 -574652.46785 -1953884.6279 -6037425.5025 -564431.74356 -1974338.7998 
-6031588.7239 -553484.65025 -1995028.6381 -6026165.9281 -541001.92738 -2014609.8379 -6020303.7028 -531367.4731 -2034458.6073 
-6014479.8374 -522497.60529 -2053772.0475 -6007298.564 -515533.05566 -2076258.9133 -5999664.9477 -508549.32609 -2099777.8877 
-5991311.2292 -504260.94782 -2124341.884 -5982365.0215 -501304.34105 -2149938.3688 -6000404.0401 -421800.92517 -2116695.5445 
-6000404.0401 -421800.92517 -2116695.5445 -5990890.7897 -416085.20803 -2144401.0631 -5985111.361 -410229.3444 -2161497.0363 
-5982753.5577 -405552.33496 -2168837.6362 -5974718.492 -398727.88435 -2191961.6178 -5973361.4638 -405545.92583 -2194395.7611 
-5968378.4773 -401442.36812 -2208573.3451 -5962267.4825 -400301.77885 -2225115.189 -5959629.766 -398345.56738 -2232462.0556 
-5953404.0713 -396465.83828 -2249233.1092 -5948166.2385 -391221.69131 -2263875.9491 -5944553.5734 -388169.49342 -2273803.5622 
-5940398.9325 -385295.7307 -2285037.5 -5936078.6984 -381580.85163 -2296774.6739 -5928789.1817 -375916.14649 -2316323.9704 
-5921416.8684 -372022.856 -2335599.2407 -5917064.7311 -367192.88179 -2347298.2446 -5908793.8092 -359329.81843 -2369090.4547 
-5901128.2897 -350485.49223 -2389302.5036 -5891914.3224 -346432.89904 -2412369.1353 -5889919.9884 -340538.79422 -2418033.8641 
-5880916.4307 -338162.04831 -2440036.294 -5871084.1477 -333586.94418 -2464052.4276 -5858391.2051 -315942.8709 -2496167.2436 
-5843251.5857 -295800.99021 -2533583.6989 -5830883.3728 -280074.88722 -2563487.5045 -5813691.6897 -262067.60569 -2603854.0624 
914630.48619 -3804816.654 -5021014.7645 908009.98861 -3728225.2657 -5078949.1982 916108.76584 -3679708.7524 -5112536.1221 
924124.7465 -3630867.5094 -5145676.78 946490.55076 -3592189.3559 -5168558.6386 968792.54848 -3553288.6391 -5191115.3877 
998810.95898 -3511048.3339 -5213959.2662 1028753.0295 -3468534.5721 -5236394.8588 1049831.5939 -3432819.2446 -5255580.8759 
1084444.2648 -3393345.0286 -5274034.2572 1118974.139 -3353609.1299 -5292086.189 1174467.8779 -3298484.8423 -5314502.7916 
1232555.0864 -3254326.9229 -5328463.8891 1290482.9686 -3209729.1942 -5341692.3509 1330378.0038 -3149717.8198 -5367390.4324 
1388923.9168 -3100220.0911 -5381268.7333 1447259.6101 -3050257.2963 -5394344.1353 1447259.6101 -3050257.2963 -5394344.1353 
1485861.2337 -2989411.1198 -5417703.7833 1527119.8488 -2942519.5842 -5431786.0372 1586436.8523 -2866711.9149 -5455113.7819 
1631448.5639 -2792395.1536 -5480162.0243 1653521.2569 -2748638.6837 -5495543.9565 1675485.5168 -2704703.7073 -5510562.7992 
1706517.1409 -2620287.4732 -5541537.0734 1706517.1409 -2620287.4732 -5541537.0734 1665303.0574 -2613380.226 -5557206.135 
1630664.845 -2622912.6563 -5562947.2039 1589686.5229 -2634280.4739 -5569389.385 1541361.3342 -2652153.8994 -5574455.168 
1494603.5834 -2657939.5949 -5584350.8778 1454428.1602 -2660125.1585 -5593851.2149 1400227.9279 -2656091.6741 -5609469.0034 
1346288.9037 -2654282.1132 -5623417.5675 1292617.544 -2646654.7637 -5639474.7856 1292617.544 -2646654.7637 -5639474.7856 
1305973.239 -2595691.5736 -5659909.9674 1337221.5394 -2560021.0626 -5668792.3687 1353368.2006 -2518743.3625 -5683333.4219 
1441728.761 -2509070.5959 -5665976.1457 1527253.7286 -2503444.037 -5646152.823 1593662.7524 -2490948.5908 -5633402.5304 
1653661.4034 -2480084.389 -5620970.511 1712028.9999 -2485054.4622 -5601395.9577 1771008.2656 -2464683.2768 -5592118.1839 
1706517.1409 -2620287.4732 -5541537.0734 1726837.433 -2586267.3866 -5551146.0335 1749815.0014 -2575715.381 -5548871.4066 
1779572.2039 -2547793.1861 -5552274.0419 1800950.2412 -2507114.4319 -5563813.9093 1771008.2656 -2464683.2768 -5592118.1839 
1771008.2656 -2464683.2768 -5592118.1839 1849052.3919 -2464683.2768 -5566967.7751 1911032.8435 -2452015.7808 -5551713.4559 
1962340.323 -2433638.9294 -5541957.8927 2001387.8328 -2461580.1144 -5515768.7287 2059328.5332 -2419652.3852 -5513009.8557 
2120531.5325 -2375914.9053 -5508855.2148 2173948.0458 -2328271.3641 -5508383.882 2219705.3064 -2266960.1215 -5515654.0289 
2263124.1335 -2202781.193 -5523950.3975 4723633.7793 1719261.1667 3914306.767 4721225.0826 1746444.0794 3905232.9462 
4508712.4844 2574944.3854 3693618.9566 4506954.0067 2538375.4556 3720795.6026 4504245.6472 2510835.5302 3742549.4528 
4496866.8773 2471029.7481 3777519.2313 4476552.8519 2421544.7427 3832917.3553 4466179.3528 2400217.7886 3858176.0073 
4451154.0534 2392125.1831 3880344.2202 4435963.5408 2386326.7643 3901116.6651 4426685.7669 2373550.8353 3919289.7534 
4420829.9983 2346023.823 3942247.952 4415649.5154 2315508.3482 3965862.8261 4413603.9083 2262251.1613 3998525.6946 
4407729.1496 2208197.5322 4034814.1415 4406626.5879 2173699.4662 4054567.2011 4410054.6699 2137653.1423 4069872.7934 
4397457.437 2089620.875 4108015.8076 4397457.437 2089620.875 4108015.8076 4419192.2972 2054230.8469 4102574.0218 
4434822.6192 2026633.7614 4099451.6795 4463343.76 1987414.012 4087759.1321 4483702.2221 1976294.9638 4070949.9085 
4523017.6814 1963226.0184 4033858.1829 4553501.2529 1952763.0762 4004738.0962 4584717.84 1941809.6212 3974528.7409 
4613366.214 1932385.4342 3946058.4934 4626766.7255 1884729.3595 3953373.4567 4641454.0021 1836015.3497 3959038.1856 
4655650.9559 1796158.4845 3960637.5268 4673906.461 1741684.2259 3963441.2162 4701745.8594 1737542.4982 3932422.5054 
4721225.0826 1746444.0794 3905232.9462 4147165.2939 3059050.6343 3747296.5829 4160470.0956 3070896.2413 3722936.5396 
4186760.6664 3086290.8969 3680779.4108 4231950.8843 3111511.3789 3607629.0178 4267857.2516 3103533.6632 3572257.7899 
4303489.4028 3095358.2611 3536663.9986 4331596.5607 3106643.0923 3492480.6325 4359384.686 3117711.2471 3448054.9536 
4401529.2814 3136113.5452 3377567.7238 4440054.3752 3144773.1932 3318977.3741 4481306.4387 3154388.4201 3254212.2231 
4524260.0098 3162264.3492 3186892.1521 4147165.2939 3059050.6343 3747296.5829 4135918.6327 3048059.0093 3768477.3138 
4106658.3996 3035053.6805 3810455.9362 4053496.9225 3031243.329 3869549.9017 4031736.6157 3047319.7271 3879579.3014 
3982270.6003 3075872.7711 3907839.1392 3954227.2489 3094013.7663 3921876.9565 3929822.7689 3110855.0831 3932996.0046 
3892635.7133 3136088.0985 3949786.2382 3852817.018 3164934.1589 3965684.3197 3796004.1361 3203637.5692 3989165.1242 
3765361.428 3230068.6662 3996830.6437 3732188.8669 3244514.0097 4016067.554 3732188.8669 3244514.0097 4016067.554 
3743040.1554 3256780.0562 3996135.988 3743314.3716 3281216.8193 3975968.5657 3722069.8342 3332492.2056 3953354.4667 
3703068.7802 3368245.5132 3940954.7303 3684284.2126 3411358.6006 3921564.3804 3676924.4328 3449941.0443 3894802.0971 
3662109.5431 3493174.9084 3870320.8973 3654335.7804 3531355.9027 3843106.2713 3658700.4511 3577463.7194 3796335.7022 
3675063.7887 3613338.1834 3746563.9472 3691063.6568 3648855.6347 3696403.656 3700322.4406 3679211.973 3657107.5666 
3709351.445 3709351.445 3617575.6209 3732188.8669 3244514.0097 4016067.554 3746493.6841 3194066.9689 4042919.4703 
3760474.1514 3143352.1686 4069420.4507 3783056.3471 3092911.3945 4086988.1365 3802879.6699 3057024.397 4095519.9816 
3829074.9106 2993890.4904 4117548.048 3859520.5021 2914909.5855 4145502.1462 3889901.9072 2843702.4432 4166376.7576 
3912382.6962 2793478.3455 4179197.3133 3938705.1702 2740705.5945 4189334.9562 3962447.2775 2701619.7249 4192310.6954 
4011830.4963 2645845.5981 4180981.6175 4068031.5192 2580908.5872 4167332.7162 4119823.0548 2522821.2837 4152090.9305 
4139805.5141 2498875.4132 4146731.9412 4155499.6426 2474668.2397 4145565.9528 4177731.662 2412706.7782 4159622.3803 
4223488.9226 2344029.489 4152721.7796 4237093.3871 2322096.9425 4151192.3218 4269851.5856 2269107.5152 4146961.3409 
4284908.7882 2237024.4126 4148847.4317 4287368.3782 2208694.5015 4161381.2377 4327836.9126 2166919.6422 4141538.9249 
4364628.9754 2129688.1499 4122327.0814 4397457.437 2089620.875 4108015.8076 -3492059.8133 996982.21815 5226964.4051 
-3425714.6909 1025159.2594 5265017.7863 -3358840.5061 1053113.1678 5302204.8419 -3328592.7908 1020195.4529 5327482.4839 
-3298134.2862 987226.74984 5352409.9495 -3267478.6649 954175.15522 5376986.8591 -3236600.1005 921053.48736 5401219.2893 
-3205517.5831 887880.83124 5425095.4664 -3174211.7429 854682.72847 5448627.1641 -3148672.7979 770011.60052 5475816.3435 
-3122458.3772 685206.64027 5501852.4477 -3095613.1074 600210.54527 5526728.6403 -3034951.704 542518.47196 5565935.4765 
-2973672.1748 484667.07221 5603963.7909 -2973672.1748 484667.07221 5603963.7909 -2971231.7648 538784.46043 5600338.2125 
-2968580.9451 592857.26953 5596304.728 -2965719.9057 646847.1871 5591869.7941 -2962635.9233 700830.79049 5587033.4108 
-2948031.2533 789204.07417 5582999.9263 -2932846.8175 877386.17563 5577863.8802 -2914317.0962 927106.84741 5579520.5712 
-2895576.9653 976776.62587 5580795.1827 -2876626.6147 1026414.5011 5581680.8782 -2857491.491 1075937.6764 5582184.1142 
-2824248.8565 1138491.6272 5586657.408 -2790674.656 1200873.5282 5590448.5795 -2749549.8258 1262503.5186 5597196.5003 
-2708048.9928 1323961.4593 5603186.3387 -2621020.2988 1358841.6998 5635900.1005 -2533367.0225 1393365.2124 5667256.834 
-2445082.8971 1427589.2521 5697230.7129 -2356225.4623 1461430.9273 5725828.1937 -2266788.0718 1494954.0446 5753030.2863 
-2176821.8086 1528082.0741 5778843.4474 -2176821.8086 1528082.0741 5778843.4474 -2261913.5184 1555328.6984 5739024.7521 
-2346469.8991 1582237.6798 5697848.6488 -2430484.6838 1608764.3917 5655328.4304 -2513951.6058 1634889.5591 5611469.794 
-2515002.8944 1688356.9658 5595253.0596 -2515869.4099 1741677.9592 5578609.4291 -2516532.1623 1794890.5195 5561532.4459 
-2517022.8649 1847924.5734 5544028.5666 -2517303.1579 1900856.8407 5526104.2478 -2517398.8677 1953610.6017 5507753.0329 
-2549558.3103 1985776.5008 5481570.3256 -2581552.1597 2017802.0636 5455011.9953 -2613392.9493 2049674.9464 5428083.739 
-2645036.2426 2081439.2062 5400786.3164 -2676488.4961 2113076.2328 5373118.9678 -2707781.4231 2144547.6662 5345088.5296 
-2738883.1204 2175872.3066 5316695.0018 -2769800.0447 2207069.7137 5287938.0047 -2818252.7515 2225720.4015 5254637.8305 
-2866476.0586 2244135.6128 5220840.8768 -2914412.6161 2262365.8612 5186546.7639 -2962087.8707 2280373.1664 5151774.8616 
-2962087.8707 2280373.1664 5151774.8616 -3026056.3896 2292823.9861 5109177.9234 -3047727.6331 2314692.726 5086538.3778 
-3079332.7564 2346501.8023 5053040.7071 -3131901.7442 2399631.566 4995845.3658 -3183909.9562 2452117.5674 4937535.3091 
-3226022.6483 2473540.2313 4899622.0744 -3267842.1342 2494746.4088 4861262.5737 -3309304.6074 2515448.9704 4822654.6834 
-3350448.4277 2535947.7689 4783606.9837 -3355080.858 2619108.5715 4735632.0662 -3358432.6 2702371.5405 4686554.9669 
-3356317.1096 2761529.3126 4653688.1454 -3353825.6164 2820380.9652 4620292.6412 -3343566.817 2868820.9487 4598003.2718 
-3349786.0551 2895742.7484 4576695.3077 -3375930.0227 2930724.8704 4535309.1745 -3402023.4768 2973009.6123 4488360.4789 
-3418125.5114 3015918.5568 4447585.825 -3438101.8939 3035047.4138 4419275.0938 -3493876.0207 3058547.2083 4359327.3361 
-3518777.6599 3079262.6832 4324803.8235 -3563114.0857 3116634.3219 4261695.3635 -3571372.0944 3132780.9831 4243025.4958 
-3573411.2449 3162710.4253 4219207.0484 -3593521.3172 3182074.7588 4187659.2751 -3626719.3251 3179876.4718 4160801.2819 
-3637908.6363 3201044.2894 4134899.2474 -3659694.3898 3220217.773 4100872.5142 -3655456.9523 3250943.2776 4080495.0621 
-3649454.5805 3276195.473 4065743.979 -3649135.9277 3303614.4319 4043925.9424 -3667124.053 3328178.4282 4007599.1356 
-3697155.2818 3346733.5961 3964607.5845 -3731749.0575 3373196.5964 3909763.5899 -3766406.26 3402966.5222 3850676.0809 
-3792595.4239 3432405.2618 3798833.652 -3809207.1512 3442606.7111 3773064.9276 -3836765.8768 3439994.4413 3747608.7792 
-3859341.9957 3443505.3198 3721298.8386 -3887225.8308 3448698.3361 3687533.7882 -3918200.105 3445372.4205 3657942.3687 
-2962087.8707 2280373.1664 5151774.8616 -2913737.1404 2336179.1965 5154323.7047 -2864991.4173 2391685.5637 5156177.8922 
-2809892.7662 2424495.0353 5171056.5884 -2737290.046 2471768.8404 5187476.896 -2664197.0029 2518526.6862 5202916.558 
-2583743.9901 2571331.3404 5217540.0281 -2502704.9446 2623511.7921 5230959.5296 -2444076.2351 2651032.3477 5244697.684 
-2385211.6692 2678227.9837 5257874.8727 -2331355.5365 2705958.949 5267751.5924 -2277270.004 2733460.5145 5277143.6863 
-2187227.211 2760286.6044 5301051.7666 -2096700.1719 2786462.8551 5323735.749 -2005701.6102 2811989.0767 5345184.2394 
-1957433.8664 2840325.4445 5348076.8023 -1909038.5095 2868438.6792 5350549.3054 -1860490.2828 2896341.6942 5352607.446 
-1811820.8996 2923989.673 5354257.6804 -1762973.0101 2951440.3453 5355493.932 -1714036.0572 2978635.9813 5356315.8209 
-1674689.0745 3018607.5464 5346445.5578 -1635246.382 3058311.5419 5336148.3986 -1595663.543 3097773.2245 5325430.8 
-1555985.0891 3136980.2506 5314286.3052 -1484351.0508 3181023.4702 5308634.1097 -1412493.9744 3224480.6571 5302058.2387 
-1340388.4134 3267389.4117 5294552.2356 -1263720.4953 3305207.3164 5289964.242 -1210520.6584 3370106.1573 5261570.7142 
-1201083.748 3415430.0652 5234623.4679 -1191551.2227 3460505.5833 5207306.6754 -1194622.5768 3531183.8529 5159255.4181 
-1197477.2546 3601225.1966 5110274.0285 -1162890.0304 3642490.1733 5089118.7444 -1128188.1064 3683455.4873 5067543.4005 
-1093384.2058 3724127.9747 5045547.2374 -1058503.8704 3764494.7226 5023124.1782 -1023553.4617 3804542.8176 5000299.6695 
-988475.62981 3844291.2498 4977060.7982 -1035201.4773 3889487.9243 4932546.2458 -1081780.8167 3934091.7299 4887266.7747 
-1115424.9955 3999857.2762 4826350.1451 -1148750.5215 4064743.5837 4764344.2469 -1170402.5851 4104389.8494 4725182.2271 
-1191939.9489 4143679.862 4685611.9215 -1213343.5278 4182618.9387 4645615.0997 -1234676.9385 4221175.9357 4605216.4485 
-1256258.9289 4251959.1701 4571158.1919 -1277802.6543 4282474.6449 4536806.7291 -1299212.5949 4312722.3601 4502174.9732 
-1320571.5473 4342696.239 4467243.5546 -1341866.6931 4372389.8249 4432031.8429 -1363015.4257 4401822.1078 4396539.8383 
-1446029.8151 4416038.0516 4355848.3608 -1528681.02 4429317.4067 4314226.3713 -1593331.3762 4451721.4758 4267825.3484 
-1673542.0761 4459469.7919 4229128.2048 -1753478.7498 4466313.0426 4189596.2591 -1833039.6105 4472302.881 4149229.8911 
-1870863.7819 4426590.0571 4181032.5108 -1908471.277 4380399.4439 4212350.8844 -1980430.4248 4367451.6549 4192667.7082 
-2052045.2832 4353910.9969 4172398.4993 -2105946.0425 4354421.0694 4145100.6968 -2159636.3922 4354561.2159 4117420.8148 
-2214340.0505 4344009.2103 4099591.826 -2268929.0088 4333055.7554 4081419.1175 -2307568.8025 4295492.697 4099298.6197 
-2346049.2697 4257579.0825 4116853.7722 -2405073.162 4191692.7595 4150045.3234 -2463606.3516 4124875.9246 4182325.7325 
-2485921.1676 4086535.7938 4206520.5624 -2508076.4673 4047953.3501 4230447.253 -2530053.6404 4009122.1368 4254113.0204 
-2551858.5738 3970048.9905 4277511.0283 -2632559.9763 3975860.3225 4223227.6196 -2712636.7965 3980754.0557 4167950.6521 
-2792089.414 3984704.7436 4111698.736 -2823541.4776 4002775.6655 4072746.7461 -2854751.608 4020591.7411 4033520.54 
-2885783.2321 4038114.9902 3994001.5075 -2916566.2766 4055395.5467 3954195.7254 -2963241.3257 4091448.5171 3882179.4176 
-3009298.0592 4126621.8688 3809321.851 -3031753.0217 4155283.1562 3760378.4416 -3053870.1514 4183600.3439 3711084.476 
-3084901.7755 4215600.4601 3649097.9476 -3115506.5035 4246989.0969 3586581.9769 -697192.39381 6137962.9512 1586092.7528 
-794486.4386 6125601.1949 1588119.085 -891602.11945 6111786.7005 1589756.6911 -988494.7148 6096532.0015 1591031.0177 
-1045740.7596 6075701.8268 1633264.5814 -1098743.1001 6047792.5451 1700221.5629 -1151605.1992 6018666.3816 1766834.4448 
-1181056.5671 5997186.3678 1819307.9127 -1210329.5236 5975113.4849 1871590.151 -1268894.6165 5953327.7314 1901767.9828 
-1327325.8297 5930834.409 1931729.1384 -1385540.4614 5916567.5719 1934583.7212 -1443716.8282 5901759.1388 1937253.7208 
-1501746.5919 5886428.0999 1939764.204 -1559629.8475 5870580.9116 1942096.3708 -1655439.2509 5843582.772 1944205.5945 
-1750828.12 5815163.7976 1945843.1057 -1845777.1797 5785330.0653 1947009.284 -1940267.63 5754088.0315 1947710.2064 
-2034280.1009 5721457.0663 1947920.4261 -2127801.8693 5687430.7129 1947665.5798 -2179051.9989 5664809.7775 1956834.9205 
-2230187.2387 5641724.3457 1965844.7449 -2281086.8121 5618205.1814 1974701.8894 -2331858.9624 5594227.2177 1983393.2508 
-2396362.6206 5560825.2568 2000266.4709 -2460611.4324 5526620.3971 2016871.7415 -2460611.4324 5526620.3971 2016871.7415 
-2495217.9315 5495830.7061 2057805.532 -2535813.8891 5456458.2767 2111871.8845 -2584196.5227 5419347.9409 2148224.1379 
-2659812.9623 5377235.2488 2161618.1928 -2734900.7192 5334128.618 2174610.6083 -2761312.6363 5303536.8032 2215391.529 
-2787431.3471 5272556.0725 2255987.4866 -2789323.8945 5236025.3127 2336727.0591 -2817296.9828 5192268.8427 2399535.8562 
-2862264.2577 5172598.5796 2388856.4276 -2916120.3904 5129549.2988 2416198.6667 -2960163.61 5119723.4724 2383478.4483 
-3003971.1632 5109515.5663 2350560.7334 -697192.39381 6137962.9512 1586092.7528 -692725.60412 6123944.5038 1640917.3776 
-686901.59628 6117993.0253 1665226.5276 -686901.59628 6117993.0253 1665226.5276 -687449.60135 6110193.8159 1693206.0724 
-688360.79094 6091568.3849 1758238.7931 -688481.85244 6071267.2727 1826610.3426 -685174.78448 6045511.4615 1910771.7304 
-678305.75475 6027555.2394 1968680.3377 -667148.39423 6003156.8363 2045029.6029 -652186.94893 5978796.793 2119359.0875 
-627826.81069 5957546.1788 2185105.2639 -616739.52341 5924844.9504 2274714.7043 -610941.0097 5893539.1102 2355613.7931 
-608016.25872 5865528.0418 2424800.9648 -604167.54735 5837172.4942 2492783.7882 -606818.31953 5803598.4836 2568839.8472 
-618319.77957 5769291.4574 2641844.0169 -634389.95835 5736685.9388 2707768.6998 -658686.38501 5709159.1165 2759305.389 
-687213.84001 5674195.7946 2823293.0878 -706164.14317 5645018.358 2876244.3452 -724719.40604 5621098.124 2917904.5047 
-733844.12017 5595909.3554 2963375.0156 -719315.98011 5577736.6469 3000702.2177 -251694.01158 6326968.9186 771585.49502 
-262845.01044 6334488.2147 703577.13005 -281017.93259 6341127.5125 633765.47089 -295476.02315 6347760.7334 556524.10108 
-322117.33992 6352164.1438 487668.2581 -358335.78479 6355528.4193 413428.12166 -417009.16842 6356375.7548 339156.08194 
-489522.54054 6354387.8775 273448.00423 -553319.00963 6350730.3958 234209.241 -553319.00963 6350730.3958 234209.241 
-615719.99565 6345855.6526 209473.12371 -676381.44654 6340987.366 165570.05064 -688959.73679 6340025.3305 149735.63321 
-688959.73679 6340025.3305 149735.63321 -708668.35973 6338394.0861 125025.01005 -740904.28466 6335379.987 84467.234261 
-778588.30959 6331416.7657 12909.672383 -818496.16313 6326096.1363 -60922.694497 -862176.19818 6319055.0094 -138839.50442 
-891340.8165 6313906.4298 -181926.96715 -920428.9999 6308330.9541 -224995.32115 -983027.57728 6295892.8578 -296603.86536 
-1036826.3601 6283429.3149 -368480.02669 -1069763.2549 6274992.7998 -414823.55726 -1102617.2581 6266046.2122 -461128.91784 
-1143251.4807 6254296.315 -517788.74007 -1189193.6093 6239296.8421 -589773.19211 -1248102.8017 6220161.7184 -664892.70982 
-1302188.3342 6201867.4736 -728561.75575 -1364570.1402 6179661.2806 -799163.54299 -1441900.8107 6155779.0267 -845997.72871 
-1503269.4982 6137332.1021 -872613.50387 -1589004.7805 6110786.3052 -906104.81286 -2460611.4324 5526620.3971 2016871.7415 
-2431204.7861 5522988.3621 2061686.1466 -2401651.3467 5518948.421 2106360.2153 -2371957.9507 5514507.0305 2150874.9576 
-2342117.7617 5509658.1137 2195230.3734 -2312048.363 5504445.7276 2239439.376 -2281851.3511 5498825.8152 2283482.5956 
-2251431.5861 5492842.4335 2327360.222 -2220903.1981 5486445.0688 2371072.2553 -2132950.4489 5506198.1285 2405557.408 
-2044519.9102 5524683.413 2439481.9747 -1955541.319 5541938.5228 2472845.7656 -1866224.895 5557881.4209 2505648.7806 
-1776398.9682 5572581.6107 2537872.0297 -1715011.0059 5563673.383 2598501.5298 -1653317.3039 5553726.7799 2658653.2406 
-1591254.0557 5542779.7816 2718301.5254 -1555105.7553 5525065.4926 2774317.7751 -1518766.2252 5506707.8211 2830015.5619 
-1485931.307 5475937.5 2905625.5449 -1452841.4474 5444121.9671 2980668.6752 -1468210.7513 5415116.5802 3025342.7439 
-1483376.1021 5385722.6572 3069781.1462 -1557265.7774 5338582.5419 3114901.2909 -1630798.7248 5290161.7384 3159263.1633 
-1709582.1333 5248151.2127 3187363.4849 -1788059.6123 5204993.6886 3214769.5305 -1866116.6518 5160727.5259 3241480.9206 
-1943753.0619 5115352.345 3267504.1115 -1971133.6609 5079522.6974 3306494.4613 -1998297.3937 5043272.2306 3345198.0615 
-1986980.8491 5010112.5827 3400921.2949 -1975434.715 4976429.949 3456274.6024 -2015030.2774 4919508.8239 3514030.5297 
-2054135.327 4861638.5765 3571085.3448 -2073792.8667 4826879.2076 3606456.5728 -2093367.6099 4791756.7492 3641579.0312 
-2150467.2414 4767186.2962 3640559.2661 -2207292.6568 4742195.4038 3639202.2378 -2289045.3479 4746534.6279 3582981.8451 
-2370288.3464 4749701.407 3525882.5934 -2450881.5057 4751753.4707 3467922.713 -2498027.8877 4754213.0606 3430971.5137 
-2544938.6033 4756251.8313 3393708.1182 -2591607.006 4757883.0757 3356151.5164 -2638103.5488 4759068.434 3318289.175 
-2701951.1011 4734918.4206 3301530.8447 -2750416.5312 4693978.5533 3319792.8064 -2798531.4052 4652573.0503 3337698.1351 
-2846544.4926 4625001.4114 3335436.0416 -2894366.3503 4597060.2264 3332919.1017 -2942041.6049 4568660.2421 3330243.0253 
-2989449.2898 4539941.6049 3327318.1794 1895211.2918 -5601351.1412 -2384969.5462 1959243.4273 -5589499.4574 -2361080.8357 
2023046.353 -5576984.6413 -2336905.5655 2115038.8534 -5542747.8783 -2336905.5655 2206457.8546 -5506994.5707 -2336905.5655 
2255445.8907 -5487113.898 -2336905.5655 2304261.687 -5466793.7958 -2336905.5655 2352886.4436 -5446039.9611 -2336905.5655 
2401326.4271 -5424859.6101 -2336905.5655 2467620.6561 -5396593.3156 -2333305.2438 2533596.4222 -5367645.2787 -2329399.3725 
2589568.0454 -5342163.6837 -2326442.6233 2645297.5456 -5316184.9294 -2323275.8442 2673468.1302 -5329496.1877 -2260084.5877 
2701320.2519 -5342151.1502 -2196619.4948 2701931.9211 -5369034.59 -2129745.4998 2702180.5007 -5395236.2874 -2062590.8321 
2689277.1485 -5421507.8681 -2010263.9673 2676131.6732 -5447295.2027 -1957746.0626 2680420.004 -5460867.764 -1913868.4362 
2611691.6317 -5496372.6819 -1907292.5652 2535412.4397 -5542652.1685 -1876241.7612 2504023.9928 -5570510.5569 -1835722.1435 
2472412.4129 -5597904.0692 -1795049.656 2428757.9194 -5638347.157 -1727245.339 2384612.7234 -5677655.7798 -1659103.1892 
2370345.6963 -5700729.058 -1599747.9208 2317171.4959 -5737418.9544 -1545949.1379 2263595.6562 -5773108.4554 -1491869.9672 
2218826.0676 -5794168.0298 -1477507.5152 2173922.4093 -5814845.1447 -1463043.0867 2112502.7336 -5843563.782 -1438542.707 
2050821.7549 -5871536.8702 -1413864.0109 1986388.17 -5899599.2117 -1388981.2667 1921680.5588 -5926852.1976 -1363913.8445 
1857017.3843 -5945668.6685 -1371547.5556 1792131.4566 -5963809.8536 -1379009.1221 1727315.4123 -5964893.0454 -1454459.9685 
1662078.9285 -5964517.0426 -1529553.9921 1606266.4418 -5962140.2493 -1596536.5151 1550154.6721 -5958641.9041 -1663206.7469 
1493749.6963 -5954028.8436 -1729571.0492 -1885143.5323 -5607423.7761 2378712.1382 -1893605.494 -5602154.0401 2384370.6003 
-1883187.1784 -5599337.8172 2399089.7802 -1874731.6732 -5597782.9127 2409253.2495 -1874782.5665 -5594380.2774 2417052.4589 
-1860872.5523 -5591697.7444 2433829.9692 -1845458.7168 -5588983.3081 2451627.0547 -1840131.6308 -5586274.9486 2461713.8042 
-1885143.5323 -5607423.7761 2378712.1382 -1895402.3316 -5609717.773 2365210.03 -1908407.6604 -5611036.8211 2351669.372 
-1918054.7905 -5612400.306 2340626.8537 -1925841.4664 -5613400.7013 2331865.2291 -1931238.4357 -5616051.331 2321064.644 
-1915996.65 -5625309.7351 2311321.9939 -1928823.4724 -5628827.45 2292135.787 -1940006.327 -5630031.4186 2279793.2106 
-1951265.7115 -5631420.7299 2266807.0618 -1960530.5722 -5631771.286 2257994.7338 -1968374.598 -5633077.4209 2247945.9643 
-1971828.1267 -5635383.9512 2239178.073 -1962945.5355 -5640933.9802 2233048.2781 -1967017.19 -5643744.1263 2222394.2961 
-1979251.5231 -5645853.1601 2206234.9116 -1985916.6473 -5646242.0762 2199283.0378 -1985859.2974 -5647649.9977 2195746.5227 
-1994913.9383 -5649135.0188 2183767.2257 -1969062.6072 -5667103.7743 2160700.5941 -1945836.839 -5682345.5601 2141750.2434 
-1946066.2386 -5685283.3192 2133797.9743 -1912071.5986 -5703328.7945 2116402.5282 -1880447.2954 -5720080.6682 2099586.658 
-1885277.2222 -5722986.1443 2087384.418 -1845484.1634 -5742503.7274 2069370.6561 -1816892.9493 -5754387.6944 2061711.5933 
-1792813.199 -5765984.5319 2050433.2187 -1766764.3715 -5778110.4319 2038950.7012 -1742531.7514 -5787598.2356 2032922.8828 
-1719847.3892 -5796073.1106 2028124.6694 -1691440.9482 -5805331.5146 2025544.1129 -1697551.7532 -5812334.6615 2000368.2575 
-1702184.1835 -5816864.9254 1983297.7309 -1703904.6811 -5820108.4242 1972350.7326 -1703732.6313 -5823300.6499 1963111.3186 
-1630664.845 -5845908.6721 1958013.6323 -1885143.5323 -5607423.7761 2378712.1382 -1867951.8492 -5616248.8275 2371499.1513 
-1841667.3553 -5629936.0886 2359647.0877 -1823812.9199 -5637219.1486 2356142.6657 -1807978.4549 -5639990.9348 2361679.7816 
-1789436.0104 -5645815.1801 2361883.7346 -1770332.7899 -5651568.7823 2362514.5837 -1748368.53 -5658208.4599 2362973.3831 
-1736006.7737 -5661955.1947 2363113.5296 -1720032.1623 -5664848.1374 2367822.4897 -1720032.1623 -5664848.1374 2367822.4897 
-1718267.228 -5669009.2349 2359188.4782 -1713825.8375 -5673603.3053 2351408.2589 -1710639.8785 -5681326.1747 2335146.8979 
-1699463.2906 -5692024.7834 2317298.9191 -1693078.6493 -5697109.5564 2309518.6998 -1691090.582 -5699887.7993 2304159.7105 
-1683552.4857 -5704768.6193 2297622.1994 -1680653.2763 -5717366.2319 2268438.3062 -1683507.8591 -5724866.1582 2247455.4516 
-1685629.8062 -5732824.5041 2225605.7017 -1684795.004 -5742204.4444 2202099.4506 -1679761.1243 -5755152.2334 2172132.0283 
-1667552.4276 -5769438.0605 2143655.5141 -1652712.0913 -5783112.4084 2118314.0656 -1633889.1639 -5797583.1985 2093380.3332 
-1616149.4282 -5809530.972 2074073.3496 -1587896.047 -5825530.8402 2051044.8879 -1630664.845 -5845908.6721 1958013.6323 
-1620507.8323 -5839409.1411 1985464.3046 -1611568.0811 -5834063.0651 2008161.2002 -1600563.543 -5829889.4341 2028832.0484 
-1587896.047 -5825530.8402 2051044.8879 -3033033.71 4934948.4859 2663196.6076 -3005697.9275 4936713.4202 2690596.1967 
-3005697.9275 4936713.4202 2690596.1967 -2982618.5725 4967642.8778 2659379.6096 -2960615.9527 5016917.8534 2591033.6967 
-2961979.6275 5056659.8289 2511523.7292 -2978572.3647 5078069.9594 2448332.6626 -2992890.0951 5096166.328 2393010.8786 
-3003971.1632 5109515.5663 2350560.7334 -3003971.1632 5109515.5663 2350560.7334 -3003212.8909 5130339.2844 2306052.2579 
-3009897.0051 5152883.5001 2246703.446 -3036398.1754 5154368.1414 2207560.2264 -3037105.5543 5168144.2759 2174349.4953 
-3016179.8598 5200042.6054 2127215.6467 -2998217.1811 5236241.7991 2063279.0312 -2962725.1765 5284044.6668 1991919.0191 
-2961438.0316 5307353.4214 1931340.4123 -2982280.7397 5325685.6463 1847535.8473 -2987410.3292 5333306.7291 1817217.8689 
-2987410.3292 5333306.7291 1817217.8689 -3033677.2825 5312565.8076 1801357.9574 -3079804.2791 5291416.98 1785377.0792 
-3125688.9628 5269911.5195 1769262.3214 -3171420.7767 5248004.6096 1753032.8636 -3216910.4676 5225747.1435 1736669.5261 
-3262151.9587 5203139.5011 1720191.4887 -3307138.2236 5180187.3794 1703586.0282 -3351958.8954 5156834.188 1686878.5912 
-3396518.2643 5133136.5173 1670050.1876 -3440816.3302 5109101.5835 1653094.3608 -3484846.6365 5084728.627 1636036.5576 
-3528698.8163 5059960.6776 1618857.5978 -3528698.8163 5059960.6776 1618857.5978 -3560718.3022 5057010.385 1557202.0658 
-3603767.5831 5053416.7099 1467860.2901 -3627879.2367 5051332.7429 1415017.276 -3675458.7815 5033484.7641 1354967.5418 
-3693204.9737 5038741.9667 1285837.72 -3698347.0967 5050561.7473 1223589.6987 -3739370.1403 5040022.655 1140084.6067 
-3771166.3034 5036620.0197 1047193.5925 -3798731.4856 5031395.1001 970372.80464 -3819396.0671 5028406.4476 902784.9741 
-3828406.0814 5037524.7052 809594.48701 -3836664.0902 5045470.5176 716225.54103 -3859074.2362 5036702.8162 655315.60546 
-3865357.2807 5037798.9213 608513.27553 -3896611.8479 5016968.7467 580801.44274 -3926910.8362 4999006.068 529691.60208 
-3949837.1315 4985777.6062 482137.36153 -3978740.3519 4969121.4423 411707.67152 -4008370.1313 4950279.5248 346528.46642 
-4028849.7498 4936866.4799 297228.30534 -4033456.7335 4937408.0758 214621.70331 -4030838.007 4942824.0352 117932.97791 
-3824429.9469 5098855.3176 261079.95746 -3875393.137 5060381.1171 258161.56814 -3931319.9437 5017223.593 254924.59716 
-3941407.073 5010978.9083 219700.18592 -3991401.7711 4972829.8173 180671.68991 -4030838.007 4942824.0352 117932.97791 
-3824429.9469 5098855.3176 261079.95746 -3786127.7962 5130504.8776 189962.06841 -3786127.7962 5130504.8776 189962.06841 
-3761933.346 5150583.0467 111478.14468 -3746742.4536 5162817.5697 21155.039373 -3512201.7889 5320473.2602 223294.00349 
-3492550.5159 5333313.1857 225282.07076 -3422656.1551 5376629.8463 264584.54557 -3346376.9631 5424802.2602 256950.90562 
-3266000.4802 5473554.25 257218.52276 -3205370.98 5509811.1734 245717.06271 -3158198.9615 5537816.165 226339.81597 
-3121222.3155 5560589.4005 175567.71317 -3116634.3219 5565374.8906 79458.842698 -3138802.5348 5553471.9336 -9022.7517164 
-3138802.5348 5553471.9336 -9022.7517164 -3179169.2827 5529634.4962 -95669.20951 -3225844.142 5500953.8391 -162696.27605 
-3265968.5769 5476326.0362 -190363.49411 -3305851.0787 5451303.2405 -218024.36239 -3352315.5284 5421928.3075 -239784.74043 
-3398569.9482 5392037.2252 -261519.62435 -3454197.4719 5355143.3759 -289148.6131 -3509448.9927 5317510.4342 -316739.38438 
-3531636.5755 5301077.2133 -344260.03495 -3531547.3223 5294131.4163 -438450.96481 -3505683.2678 5304957.638 -508976.22219 
-3560597.1458 5266897.8002 -522758.86077 -3615084.1277 5228251.55 -536484.14943 -3671635.7067 5189095.607 -532584.49727 
-3727677.2132 5149398.0682 -528621.13354 -3776754.3125 5116677.8498 -497239.0008 -3825449.3322 5083371.2189 -465805.92728 
-3859686.0952 5061980.4583 -413778.58284 -3859686.0952 5061980.4583 -413778.58284 -3878292.1565 5052460.7513 -351919.19276 
-3894521.8041 5044922.8449 -272352.01782 -3896159.5051 5047229.3751 -195722.3528 -3746717.0069 5162785.6665 -30904.200912 
-3746742.4536 5162817.5697 21155.039373 -3761933.346 5150583.0467 111478.14468 -3786127.7962 5130504.8776 189962.06841 
-3138802.5348 5553471.9336 -9022.7517164 -3121222.3155 5562857.9507 -75743.963633 -3095982.8435 5574970.9375 -166028.82627 
-3079562.1561 5582298.8141 -217043.07581 -3062924.7923 5589218.7846 -268044.55456 -3046523.2848 5592831.8295 -362229.07528 
-3069264.9969 5577672.8404 -401608.05622 -3069264.9969 5577672.8404 -401608.05622 -3139936.8099 5535158.6988 -441197.25689 
-3175989.5904 5511410.5146 -478613.66469 -3211755.8112 5487241.5111 -515991.80755 -3225372.4294 5472101.512 -586510.75074 
-3230502.0189 5458127.8811 -680306.59282 -3217962.136 5452991.8349 -773802.9145 -3211488.0517 5442675.6856 -867038.02818 
-4295594.4836 4656886.8277 -742121.35631 -4337458.786 4620859.6838 -723719.01074 -4378902.2691 4584500.9737 -705259.31525 
-4408277.2021 4567774.5466 -626972.92355 -4367782.8412 4610893.7109 -594138.00529 -4408079.3259 4579709.4069 -535107.79881 
-3896159.5051 5047229.3751 -195722.3528 -3859303.6358 5076897.5143 -154533.73975 -3822154.9401 5106017.601 -113338.76505 
-3784617.7082 5134646.9851 -72124.669746 -3746717.0069 5162785.6665 -30904.200912 -3896159.5051 5047229.3751 -195722.3528 
-3957719.1374 4996444.3116 -254484.93026 -3957719.1374 4996444.3116 -254484.93026 -4033182.8971 4934961.0193 -268936.63542 
-4105543.3044 4874280.6258 -280387.10721 -4145483.1562 4839183.614 -299815.3422 -4185084.9853 4803710.5994 -319218.08307 
-4219595.5846 4771226.2373 -350415.39524 -4253743.4742 4738378.4058 -381574.46623 -4284354.279 4705804.7905 -437730.90997 
-4314379.431 4672664.1326 -493836.36546 -4314379.431 4672664.1326 -493836.36546 -4361455.7397 4626486.0528 -514500.7571 
-4408079.3259 4579709.4069 -535107.79881 -3208524.8458 5364026.1569 -1270806.154 -3226130.8916 5370238.9383 -1198401.12 
-3236682.8971 5379720.2854 -1125690.2515 -3222454.0401 5401213.2125 -1062206.0736 -3207881.4633 5422068.454 -998600.73924 
-3209818.4474 5432697.1793 -932867.19114 -3211488.0517 5442675.6856 -867038.02818 -3211488.0517 5442675.6856 -867038.02818 
-3277259.6748 5400123.564 -886670.2162 -3336595.9532 5362337.5626 -894603.30534 -3411218.4541 5319033.4353 -871523.95034 
-3477448.8766 5277239.3961 -863877.51585 -3555531.3628 5224938.1678 -863966.76904 -3603550.7169 5194499.033 -848489.12698 
-3651206.9814 5163664.9053 -832935.05001 -3696461.0059 5132633.2812 -825148.46903 -3741893.157 5101805.6102 -811525.20436 
-3787057.9283 5070557.1198 -797838.13316 -3843290.8545 5028087.7948 -797729.79498 -3885269.4769 4999127.2244 -776249.78113 
-3926993.6328 4969758.7481 -754712.41736 -3968729.9423 4940338.9986 -729269.03978 -4010103.5421 4910569.0727 -703768.2648 
-4060015.4436 4866245.5602 -724999.79398 -4109487.5357 4821290.8187 -746142.06997 -4157315.85 4780758.8575 -742000.2948 
-4204749.1715 4739754.8039 -737782.03726 -4250372.3624 4698540.7205 -739986.73341 -4295594.4836 4656886.8277 -742121.35631 
-4798243.367 4201582.0127 -129077.60324 -4789997.8917 4211968.425 -91272.528671 -4744260.0009 4263658.174 -79955.853581 
-4698018.1146 4314755.054 -68626.437362 -4660933.2254 4355070.9085 -47012.614947 -4623459.4202 4395016.8371 -25398.792531 
-4562065.3811 4458781.5928 -2567.9160812 -4505711.2985 4515473.3183 46897.921041 -4468836.4391 4552124.8548 28839.672027 
-4423212.8685 4596556.9904 6308.2798175 -4377092.5183 4640472.5969 -16223.112392 -4336197.0878 4678736.7675 -4779.0000415 
-4310900.0759 4702051.599 1898.8559938 -4310900.0759 4702051.599 1898.8559938 -4299232.9752 4712724.761 3772.2241643 
-4246727.7939 4760062.3727 16669.151338 -4193597.8403 4806871.3017 29566.079624 -4146655.6013 4847225.1363 52868.484512 
-4099190.3765 4887126.6282 76170.8894 -4030838.007 4942824.0352 117932.97791 -4923548.7649 4015838.1543 -568114.76684 
-4887260.318 4062672.5299 -548272.35907 -4850551.0519 4109054.183 -528372.60139 -4796140.7897 4175246.6254 -505796.62487 
-4762050.6299 4215479.3036 -494103.9826 -4727692.7104 4255336.3588 -482379.53201 -4666037.3683 4324275.1408 -469533.57714 
-4627868.9075 4365355.1545 -467105.84298 -4589350.2703 4406104.3618 -464646.25302 -4534315.2359 4462241.5781 -469208.61009 
-4495280.4494 4500620.0688 -478065.65961 -4495280.4494 4500620.0688 -478065.65961 -4456742.4424 4537118.9253 -493536.89253 
-4408079.3259 4579709.4069 -535107.79881 -4810433.0735 4185773.1843 -178951.25165 -4774539.6194 4225942.4357 -195231.70951 
-4738212.8127 4265856.461 -211493.04678 -4710118.5679 4295811.3499 -231539.36009 -4682967.7484 4324039.2845 -255485.3493 
-4655714.3826 4352018.8293 -277455.99456 -4626448.0727 4380832.7966 -311214.84947 -4594874.8527 4411405.6213 -344973.70438 
-4562893.7266 4441717.1431 -378707.06517 -4521010.4342 4479853.7006 -428204.79387 -4495280.4494 4500620.0688 -478065.65961 
-697192.39381 6137962.9512 1586092.7528 -700480.3293 6145105.8648 1556889.8696 -632108.77982 6161934.4583 1519454.3293 
-596336.38725 6187963.726 1425856.0311 -560404.66824 6212356.0524 1331869.1018 -524320.03194 6235103.8413 1237531.6163 
-482462.32858 6249326.2417 1181954.9859 -440547.32278 6262764.7333 1126238.2091 -462244.01298 6269990.8233 1076562.1639 
-484565.09569 6276585.6843 1027529.5962 -437909.3214 6284487.0601 999977.04238 -458643.83376 6288775.3909 963299.86936 
-487387.91764 6292827.8654 922104.87092 -525976.72302 6297065.3028 870899.46288 -491657.16344 6303526.474 843933.13158 
-538714.38718 6306368.5234 792772.39761 -496640.05494 6313957.3231 759357.61848 -547087.19069 6317200.8219 695452.81121 
-601185.44644 6318666.4732 635243.79802 -665619.12632 6318602.6666 568560.7954 -727128.05521 6316321.583 516520.68016 
-731754.12387 6323005.6973 419672.66393 -742892.35193 6326975.3752 331528.77992 -752858.1824 6329836.4146 243257.47275 
-748620.79239 6331983.8083 196238.47834 -688959.73679 6340025.3305 149735.63321 -251694.01158 6326968.9186 771585.49502 
-209951.0318 6318290.4704 850553.62916 -196225.74314 6311064.3804 905359.2639 -181697.57934 6303360.8809 960018.29553 
-175395.67528 6295325.8152 1012141.2073 -168297.26961 6286882.8435 1064143.1526 -170826.94468 6278159.5788 1113749.1245 
-172521.90068 6268939.1549 1163928.5957 -173624.26063 6252238.1744 1249835.9277 -178970.36038 6241068.233 1303398.9492 
-184883.5858 6229401.1323 1356910.9824 -204713.24649 6207302.8028 1451407.7944 -223612.58514 6192035.5704 1512145.7276 
-223612.58514 6192035.5704 1512145.7276 -271281.52554 6171906.508 1584404.1585 -316299.71749 6156040.3297 1636565.4302 
-361286.02991 6139415.6892 1688529.0155 -405870.89288 6130373.7717 1710964.7981 -450417.58588 6120936.8613 1733285.8808 
-544952.56779 6111952.2936 1737829.2478 -632847.91964 6111933.3036 1708033.6854 -686901.59628 6117993.0253 1665226.5276 
-3746742.4536 5162817.5697 21155.039373 -3714869.5707 5185820.205 -14228.676042 -3682748.2982 5208460.1305 -49606.019408 
-3682748.2982 5208460.1305 -49606.019408 -3645822.5455 5234527.7581 -29961.143665 -3605462.2543 5262494.7696 1484.6759926 
-3567975.9157 5287753.0417 48650.221031 -3543290.7629 5303714.9298 93827.697873 -3523129.7972 5315809.3064 150755.1491 
-3514272.8426 5319970.0241 201737.53099 -3512201.7889 5320473.2602 223294.00349 2139182.4102 -601924.58627 5959515.0661 
2164319.9058 -621977.30872 5948446.9113 2184423.5215 -637225.50362 5939538.6837 2204718.367 -652543.77177 5930426.8827 
2191388.1186 -676406.89319 5932682.5197 2204909.5967 -690622.83701 5926074.7454 2229078.6002 -716926.4634 5913974.292 
2256828.5555 -742892.35193 5900325.3908 2285394.3229 -764232.1718 5886676.4896 2310436.2985 -784565.23472 5874295.7432 
2343022.6371 -811289.44302 5857849.6091 2368657.102 -775019.98615 5852484.5431 2381751.684 -785259.79543 5845844.8656 
2401441.1269 -755948.57401 5841683.768 2429337.6853 -776135.08129 5827576.4472 2460955.532 -729288.12477 5820407.7072 
2484302.6465 -743255.58391 5808791.4999 2507483.978 -759892.85275 5796748.3964 2534106.1149 -775963.03153 5783118.865 
2569559.9495 -792511.14213 5765321.7795 2591237.4598 -810429.19421 5753195.8795 2608397.2396 -838561.60891 5741477.8855 
2625512.5827 -884911.45366 5726803.1423 2637695.8326 -910329.43207 5717270.5221 2646093.9878 -923417.46247 5711331.9569 
2623804.8084 -960005.47725 5715550.0245 2606683.1986 -986608.62404 5718831.8832 2592135.8786 -1010509.9629 5721253.1133 
2591766.3324 -1050596.2279 5714243.8896 2590989.0701 -1075204.9457 5710044.812 2590989.0701 -1092982.7564 5706693.0699 
2598189.3336 -1106007.1701 5700945.5445 2592824.0776 -1118273.2167 5700989.9812 2597297.3714 -1128653.2674 5696937.5067 
2600891.0465 -1143907.7765 5692286.0863 2606269.0258 -1160901.9631 5686423.861 2612628.4103 -1177163.3241 5680198.1664 
2617955.3064 -1194138.3308 5674240.6111 2624365.5843 -1208220.3948 5668333.5693 2626971.7773 -1218734.2304 5664899.0307 
2634904.8665 -1230643.4541 5658680.1724 2640372.0989 -1240010.2912 5654111.5487 2645616.1984 -1251205.9641 5649230.3488 
2642041.5133 -1257284.7708 5649549.0017 2648152.3182 -1271258.5917 5643597.5232 2654352.1864 -1287443.5177 5637053.5555 
2661291.3369 -1304169.9448 5629980.5253 2668351.4539 -1319297.1257 5623162.7212 2677890.3408 -1336692.6668 5614566.6897 
2682216.8416 -1353005.0161 5608634.5811 2689907.9976 -1372445.9744 5600274.406 2696846.9582 -1387522.0721 5593265.1823 
2704544.3809 -1401234.6849 5586173.162 2712413.8534 -1416916.185 5578450.2926 2721615.0974 -1438255.9574 5568567.1163 
2726814.5703 -1451318.5412 5562666.9109 2731778.3768 -1464298.3283 5556868.1123 2738539.0209 -1481196.9001 5549107.2628 
2744241.9198 -1498796.3943 5541613.7931 2751843.8226 -1514630.7642 5533584.8043 2756463.5296 -1523315.764 5528933.3839 
2753194.5841 -1527910.0243 5529283.9401 2756444.3496 -1535352.5058 5525632.915 2762459.4448 -1545439.3503 5519853.4863 
2765632.8703 -1556558.4934 5515169.7829 2344596.5316 5883872.8001 -756483.85575 2270343.5769 5916720.6316 -726357.01212 
2188074.7365 5948905.7107 -715977.05635 2137423.7427 5966899.9128 -719182.1478 2085797.8002 5984754.3483 -722368.15426 
2030278.5197 6002513.0739 -733092.20955 1975160.6888 6019552.0771 -743771.68572 1919679.7682 6035099.6025 -762683.81891 
1863191.9957 6050347.8448 -781627.76041 1809494.9995 6066615.4726 -781678.74867 1796464.414 6081908.1516 -687870.13578 
1780795.5422 6091536.4816 -642202.03346 1776328.895 6102107.4772 -547813.60719 1765795.8795 6110977.345 -479110.6815 
1714845.4127 6124555.9831 -490586.64742 1663767.5228 6137701.6482 -502030.75755 1589718.4262 6154829.5248 -531163.56754 
1515414.4832 6170963.4626 -560207.12435 1453249.2585 6185816.7121 -561118.31394 1390931.164 6200038.7328 -562029.50352 
1323311.4302 6215440.0349 -555243.31784 1255526.1033 6230095.4082 -548393.42058 1197611.0394 6243215.6267 -528506.4337 
1139574.8191 6255730.063 -508562.04942 1063525.0268 6270704.469 -488624.07428 987303.18475 6284691.0131 -468609.61676 
918460.11257 6296600.0469 -448391.25368 849495.88394 6307693.6483 -428121.94982 798290.57086 6315913.677 -405074.40314 
747027.8129 6323623.6331 -381995.0244 695707.70502 6330836.8099 -358890.15153 644336.65636 6337552.8274 -335747.06121 
556606.94513 6344861.7139 -353970.97161 468768.94319 6350908.5224 -372118.42337 388481.71341 6353750.5717 -413466.33911 
308105.3254 6355318.0096 -454731.4108 230787.4732 6362760.586 -392610.78899 153425.01815 6368654.7146 -330400.93772 
130371.12167 6372745.1692 -252821.85379 107291.73106 6375798.008 -175204.51679 63401.399117 6377447.8626 -131212.22614 
19517.436256 6378493.0744 -87207.194354 -70149.34954 6378537.8909 -50134.897951 -159809.75439 6377103.7631 -13056.228016 
-249419.19471 6374198.287 24028.812485 -338977.64678 6369814.2464 61107.479453 -428459.6402 6363952.0211 98167.034727 
-490943.47027 6358013.4559 166207.24956 -553319.00963 6350730.3958 234209.241 -4387873.9235 1016971.229 -4502155.6034 
-4366323.6465 1031352.766 -4519684.9294 -4352483.7055 1041968.578 -4530511.1511 -4336834.0137 1051035.9423 -4543325.2501 
-4316520.3681 1059842.0035 -4560472.1167 -4301354.9223 1070935.6999 -4572113.7707 -4293988.6858 1076982.6983 -4577581.0032 
-4282155.992 1088879.1987 -4585788.1186 -4266557.5733 1109205.9474 -4595384.5453 -4244714.0901 1124039.9221 -4611862.5827 
-4226496.5651 1130826.1077 -4626811.1622 -4210719.64 1132750.4634 -4640612.7434 -4192419.3184 1129392.3597 -4657849.2429 
-4179885.5124 1132673.9336 -4668235.6553 -4169422.76 1137574.0285 -4676340.6043 -4153785.6016 1136427.125 -4690422.8582 
-4146738.3978 1138230.3243 -4696176.8403 -4133433.5961 1144124.4528 -4706391.2029 -4124378.7653 1145341.5245 -4713986.4593 
-4111679.3661 1141582.0663 -4725889.4162 -4098846.277 1144570.5289 -4736231.0121 -4087261.9729 1142028.0474 -4746776.9408 
-4079915.1063 1146118.8818 -4752071.7437 -4067062.6473 1144194.5261 -4763465.008 -4052528.4305 1145602.7325 -4775418.8583 
-4038739.3827 1148177.0223 -4786391.6831 -4021254.4935 1155810.7334 -4799173.8789 -4003266.3682 1157907.1389 -4813593.7757 
-3983940.2046 1161966.07 -4828523.3653 -3959579.7815 1169497.8046 -4846587.8305 -3942286.3119 1171651.4651 -4860051.7688 
-3934582.4325 1172052.9145 -4866156.307 -3920876.5612 1176615.2716 -4876039.1035 -3911981.2467 1178488.639 -4882678.781 
-3911981.2467 1178488.639 -4882678.781 -3892176.914 1186466.3547 -4896467.8288 -3882593.4005 1189767.1085 -4903222.2061 
-3872767.9539 1199930.4829 -4908479.0289 -3860036.6514 1210106.4856 -4915953.5086 -3847324.3389 1216529.4868 -4924268.8673 
-3831196.8577 1224679.2523 -4934738.0762 -3814482.964 1235792.0337 -4944837.739 -3796775.1317 1246477.919 -4955701.9408 
-3788307.0931 1251690.2102 -4960831.5303 -3767445.0152 1257501.4472 -4975130.2707 -3751776.3333 1264943.9287 -4985013.0672 
-3729945.7633 1272539.3749 -4999337.2543 -3712537.5938 1276445.4362 -5011208.308 -3686616.1895 1286557.8223 -5027622.5388 
-3674082.3834 1288730.6626 -5036173.7537 -3659299.397 1293312.1047 -5045693.8405 -3638195.3859 1299652.2143 -5059215.1287 
-3616817.1587 1309841.0354 -5071812.3615 -3598421.5071 1316480.7129 -5083090.9259 -3579394.6266 1321858.6922 -5095032.2428 
-3559704.9937 1330072.1692 -5106597.177 -3534019.4457 1334124.7387 -5123240.8075 -3529833.2813 1339732.1177 -5124655.5655 
-3511940.486 1338132.7765 -5137265.7115 -3485057.0462 1338833.6989 -5155240.9236 -3464207.8815 1337769.497 -5169456.8675 
-3439630.9719 1338292.008 -5185590.8053 -3427052.7291 1337941.5468 -5193950.9804 -3405534.3554 1333379.1897 -5209148.3295 
-3394937.9132 1330734.8267 -5216686.2359 -3374445.3814 1326510.2075 -5230946.9962 -3351461.7362 1322540.4346 -5246596.3082 
-3326375.134 1321571.9426 -5262672.8961 -3303181.0791 1319437.2722 -5277691.7388 -3289226.4383 1318729.9882 -5286517.17 
-3274150.2457 1320055.398 -5295475.9111 -3260896.3373 1321195.9398 -5303313.4804 -3233464.8449 1318041.7891 -5320747.4763 
-3207677.5103 1315365.6178 -5336887.8708 -3185623.9972 1310420.8962 -5351192.688 -3163927.307 1303105.8379 -5365733.7413 
-3137145.8437 1291757.2952 -5384053.4327 -3115251.6571 1274419.104 -5400754.4131 -3095676.914 1255768.2263 -5416257.5018 
-3076223.1374 1235320.511 -5431913.2705 -3063982.5375 1221353.1468 -5441911.1466 -3059509.4336 1212272.9643 -5446428.8771 
-3046223.8119 1190735.6005 -5458529.3305 -3031988.6881 1165572.6584 -5471776.4025 -3017874.7208 1147227.6152 -5483373.6198 
-3002550.1385 1127805.7419 -5495716.0063 -2989302.6867 1106313.0047 -5507217.5138 -2985422.262 1098246.0358 -5510906.8987 
-3033033.71 4934948.4859 2663196.6076 -3061229.9312 4941301.034 2619089.5815 -3099742.3017 4933763.1276 2588026.0541 
-3138197.3222 4925798.3251 2556873.2736 -3186082.7966 4904260.9613 2539114.548 -3229794.8298 4876357.7564 2537636.1734 
-3273302.9101 4848123.3652 2536005.1188 -3316607.0373 4819557.7877 2534188.9114 -3359700.7549 4790673.5573 2532207.3008 
-3402584.4426 4761457.7608 2530066.3637 -3402584.4426 4761457.7608 2530066.3637 -3432997.751 4733102.5929 2542077.5639 
-3464870.6338 4695169.9884 2568852.7604 -3494392.17 4653924.0017 2603446.3463 -3523391.1002 4608740.2403 2644150.5471 
-3550790.6892 4560039.1438 2691195.1425 -3580312.2253 4507202.3964 2740323.1351 -3033033.71 4934948.4859 2663196.6076 
-3067595.5825 4904604.681 2679502.4053 -3107452.4478 4867590.055 2700854.996 -3165915.3743 4841343.5411 2680190.6043 
-3210309.15 4809827.6711 2684090.3989 -3210067.2169 4803296.6166 2695980.4426 -3241506.3672 4779057.3499 2701390.3252 
-3286473.6421 4745387.6295 2706373.1217 -3276138.123 4731878.8748 2742081.8027 -3311579.2344 4701605.7129 2751505.9898 
-3356654.7525 4665087.8663 2758980.4695 -3342668.2084 4658161.4392 2787329.3706 -3369596.4646 4626804.7056 2806929.7503 
-3387986.0394 4598207.2248 2831519.1933 -3390477.5326 4585820.0219 2848456.03 -3409733.8128 4554571.9113 2875294.8432 
-3397862.7591 4551118.0029 2894627.4633 -3404591.31 4536959.409 2908811.6938 -3436075.6567 4491444.4613 2942016.1582 
-3425058.3951 4488392.3821 2959347.9878 -3440701.6304 4468001.637 2971945.4105 -3467190.0773 4429986.6157 2997783.8284 
-3494850.9693 4384675.2412 3031861.2649 -3466591.1314 4386159.8825 3061809.6972 -3483597.8515 4350266.4285 3093344.7472 
-3500356.1819 4314105.2148 3124688.5675 -3450915.993 4315774.8191 3176601.2596 -3461181.2489 4292395.8013 3196909.0183 
-3448717.706 4281990.3989 3224034.3912 -3455363.4603 4262148.0861 3243022.9118 -3423739.347 4255380.7955 3284906.2042 
-3432787.7212 4230224.3099 3307711.7229 -3432048.249 4219971.5874 3321455.9541 -3441376.9162 4183345.4976 3357693.5077 
-3441376.9162 4183345.4976 3357693.5077 -3455707.5598 4152383.7569 3381167.8555 -3486694.7472 4128131.9568 3379065.2783 
-3534746.0046 4089982.8658 3375554.3997 -3570779.6052 4066827.1708 3365658.69 -3605978.4036 4044849.9978 3354673.3317 
-3638864.5949 4037114.5949 3328554.431 -3664569.133 4031685.3426 3307010.6106 -3696887.902 4023006.8944 3281675.6186 
-3723121.5026 4017233.9222 3259163.3062 -2989449.2898 4539941.6049 3327318.1794 -3022163.0516 4468415.9997 3393485.1751 
-3054086.8278 4395730.4828 3458766.0956 -3085188.5251 4321923.794 3523136.2538 -3115506.5035 4246989.0969 3586581.9769 
-2989449.2898 4539941.6049 3327318.1794 -3033913.1387 4520564.548 3313516.5982 -3085137.6318 4491087.4486 3306341.7814 
-3129372.081 4464229.4555 3301180.2886 -3183400.2635 4425436.9819 3301747.3311 -3234427.2602 4386427.2623 3304187.9311 
-3282389.2643 4347348.0392 3308520.6985 -3324648.1798 4308580.6324 3316957.2136 -3365888.0897 4268386.3142 3327248.296 
-3402214.5166 4229689.1706 3339616.1292 -3441376.9162 4183345.4976 3357693.5077 -4439385.1662 4514243.5234 776294.40773 
-4423008.9154 4537335.4118 734296.55787 -4403217.4959 4561415.1621 703589.85338 -4379558.5649 4587113.6234 684040.55688 
-4361481.1864 4607459.552 662592.39882 -4353528.9173 4618559.2303 637346.56513 -4350897.2776 4626760.2689 594666.8779 
-4349081.0702 4633087.7502 557760.25772 -4337866.3123 4646583.5917 532393.36252 -4330092.5496 4657944.5729 495365.63337 
-4322146.7371 4669133.8842 458286.96343 -4320260.6463 4675263.869 411465.54852 -4326543.3111 4673059.1254 368562.847 
-4332698.7426 4670701.3221 323659.37863 -4331341.3346 4674639.4765 282559.9713 -4328079.2255 4679462.9467 251209.71809 
-4326861.964 4683394.6445 192408.9113 -4326798.1575 4685624.8348 129651.0787 -4321617.6746 4691334.0003 90354.959618 
-4310900.0759 4702051.599 1898.8559938 -4703122.2575 4181650.4467 1039438.9148 -4767683.4555 4116515.7495 1004972.7522 
-4819844.5373 4060697.186 983129.55379 -4871241.08 4004273.2201 961139.75233 -4907395.8371 3967130.6012 930987.46204 
-4943161.6781 3929573.9994 900752.28024 -4999987.4732 3869728.4081 844818.92198 -5029738.0292 3836351.8939 820280.27737 
-5059189.682 3802688.6301 795690.73945 -5095344.439 3762379.2322 755865.77743 -5127274.292 3721623.9481 741675.32775 
-5169093.7779 3664798.5327 734385.76359 -5195868.9744 3629140.5551 722489.21576 -5222880.0273 3593476.5007 705896.52604 
-5257855.8826 3546330.3087 684512.07957 -5284032.1333 3513093.941 653824.55501 -5308736.2761 3483209.3153 612578.56831 
-5333045.4261 3453006.0368 571288.04997 -5356895.7767 3422585.892 529946.49589 -5380351.1345 3391860.3873 488566.72436 
-5409197.005 3355017.4313 420054.9809 -5442127.6331 3309648.7069 349039.04463 -5443070.6785 3313605.8514 292627.73082 
-5446231.3807 3313446.3351 229111.62592 -5448850.1072 3312949.1758 165589.15937 -5459370.2095 3298108.8395 104271.4127 
-5474248.9057 3274710.8316 45228.456197 -5478881.336 3267236.7318 -15949.115789 -5482182.1847 3261425.3998 -44196.193239 
-5483042.4335 3259475.5025 -72392.292816 -5038021.8644 3901416.328 -299726.13649 -5049007.2227 3889099.3881 -274046.97382 
-5066574.9085 3870047.061 -213270.84683 -5087710.8228 3844737.5157 -161816.94225 -5110904.8777 3815107.7363 -129090.3503 
-5147511.9774 3766304.4734 -105826.17474 -5183641.2878 3717010.5078 -82593.866833 -5227346.4847 3655743.7019 -59463.505771 
-5256830.0407 3613325.2702 -52690.067153 -5283381.9144 3574564.6999 -38875.572782 -5325220.7701 3512004.2925 -32312.413249 
-5353486.6848 3468763.9718 -32675.615564 -5371283.7703 3441160.4297 -30579.227921 -5401314.9991 3393625.3216 -47465.028908 
-5429861.5866 3347791.3413 -45585.287947 -5451953.4595 3311713.304 -43629.085371 -5462804.7481 3293686.8188 -50874.049645 
-5483042.4335 3259475.5025 -72392.292816 -5483042.4335 3259475.5025 -72392.292816 -5494798.7874 3239136.0304 -91125.973038 
-5510722.3155 3211309.5453 -111834.96753 -5524874.4528 3186834.8022 -113708.33496 -5542461.1287 3155726.6482 -124993.15426 
-5562685.9009 3119463.648 -136271.58815 -5582636.457 3083181.4678 -145651.17236 -5600369.736 3049995.9934 -162549.72041 
-5620447.9051 3011636.6826 -183195.00332 -5637505.8982 2977979.6855 -207580.64756 -5658399.8795 2935790.6535 -237554.52642 
-5675559.6592 2902331.3427 -239338.68814 -5685620.9621 2882106.5705 -244914.18757 -5698231.1082 2854706.9814 -271103.11411 
-5705042.8355 2839210.3493 -289804.93261 -5713007.638 2822177.9927 -299114.41983 -5719628.3255 2804247.0274 -338410.55672 
-5725497.0074 2788183.3527 -370181.34436 -5734462.2052 2765237.6876 -401888.39668 -5737183.0981 2753844.6132 -439253.81622 
-5751042.4089 2718505.4784 -476396.19774 -5760989.012 2691902.3316 -506070.60367 -5759918.3536 2686874.9084 -543385.03495 
-5756095.2787 2686798.3786 -582585.60446 -5734615.2649 2723972.7108 -620314.20851 -5729135.1192 2727133.2232 -655812.62228 
-5722890.8143 2725635.6686 -713613.03377 -5727128.2518 2703531.2623 -761696.14694 -5730957.7832 2681286.7094 -809728.27184 
-4798243.367 4201582.0127 -129077.60324 -4831677.2311 4162209.5833 -154737.64531 -4870896.9805 4115496.3641 -173375.75222 
-4900475.8666 4079157.0239 -196741.86869 -4943346.6411 4026384.083 -210753.90695 -4967566.5379 3994740.5999 -241180.19977 
-4994902.3204 3959764.7445 -252891.92703 -5013330.255 3935474.5846 -266954.92981 -5038021.8644 3901416.328 -299726.13649 
-4798243.367 4201582.0127 -129077.60324 -4810433.0735 4185773.1843 -178951.25165 -5134506.4588 3765737.4308 -385034.47522 
-5174886.1198 3709224.2117 -392897.51485 -5203043.7913 3669392.6032 -395000.28196 -5241046.2792 3615689.5301 -387774.42938 
-5285593.1146 3550433.6765 -386168.67909 -5304600.6253 3522371.335 -382504.78828 -5328476.8023 3482074.8503 -417754.6699 
-5334141.5312 3474893.5769 -405099.89727 -5339793.3469 3467833.4599 -391024.14742 -5345604.6789 3460474.0598 -376668.03338 
-5351046.4647 3453541.1761 -362866.28607 -5356379.6275 3446525.4958 -350759.49477 -5361929.6565 3438994.046 -339774.16027 
-5367294.7226 3431608.8195 -329636.30377 -5371806.3762 3425115.7451 -323723.09022 -5375578.5577 3419482.9195 -320626.28947 
-5379529.2456 3413295.5847 -320352.31067 -5392368.7913 3393650.7683 -313043.61404 -5401716.4485 3377599.627 -325195.0082 
-5409439.3179 3364065.4256 -336779.3123 -5420915.3788 3344236.026 -349491.45859 -5430384.1925 3327872.6885 -358526.94328 
-5440120.3859 3310897.4919 -367842.81591 -5451322.6104 3291303.5688 -377725.77859 -5462995.7879 3270958.02 -385620.69775 
-5474395.5088 3251102.7939 -391820.6609 -5483201.57 3235911.9015 -394350.34785 -5491504.3952 3221460.1014 -397166.76065 
-5497837.9533 3210487.6564 -398281.85579 -5500896.4891 3205071.3172 -399690.0622 -5503146.0493 3200853.2495 -402500.11334 
-5038021.8644 3901416.328 -299726.13649 -5051301.2195 3883147.9096 -313126.45809 -5063216.7099 3866504.2791 -326329.23581 
-5083193.0923 3839372.0698 -335868.12271 -5098797.9677 3818274.5154 -339755.05154 -5120603.091 3787937.1672 -351192.77626 
-5134506.4588 3765737.4308 -385034.47522 -5503209.476 3200757.5397 -402385.4135 -5509320.4708 3191970.4685 -388481.71341 
-5516743.6774 3180730.2639 -375170.62126 -5522886.5755 3171312.5335 -364357.33652 -5529583.2231 3160543.8516 -356309.50007 
-5535585.9747 3150788.2884 -349523.31439 -5540460.3381 3142817.0292 -344145.35885 -5544621.4356 3135845.9755 -340647.10866 
-5547463.1052 3130939.5189 -339493.79607 -5550541.0109 3125529.6364 -339111.47909 -5550292.2413 3125510.6463 -343291.49544 
-5550910.557 3123439.7825 -351938.30149 -5553191.6406 3118469.5194 -359928.78802 -5555517.5407 3113531.1595 -366676.73251 
-5558416.5602 3107898.3339 -370468.07022 -5560207.3209 3104438.3487 -372589.94606 -5563284.8468 3099156.0792 -370659.22871 
-5565859.1366 3093975.5963 -375240.71825 -5568337.7166 3088865.1867 -380433.87696 -5570103.0307 3084889.0522 -386729.43123 
-5573652.2691 3077459.389 -394681.67657 -5575933.3527 3072750.4288 -399110.20133 -5579163.9383 3066665.2604 -400728.72242 
-5581598.0816 3062166.52 -401289.45082 -5584012.8551 3057030.6637 -406794.85327 -5503209.476 3200757.5397 -402385.4135 
-5506019.6221 3195322.2106 -407107.097 -5509295.0242 3188746.3396 -414294.68465 -5514061.1444 3180080.4248 -417429.70285 
-5519031.2176 3170891.9041 -421641.59873 -5522695.1559 3163901.8604 -426031.90604 -5524288.4202 3160461.055 -430938.36263 
-5524867.9962 3159001.8604 -434168.9482 -5529417.63 3151368.2442 -431747.62318 -5536541.5535 3139191.2609 -429103.21265 
-5542403.7788 3129104.3215 -427108.78372 -5549406.5459 3116984.8781 -424783.02607 -5555931.5236 3105999.5198 -419991.26932 
-5562539.2978 3094925.0983 -414269.19052 -5566948.7851 3087463.342 -410764.62615 -5572027.1015 3076554.5136 -423464.02538 
-5579278.6381 3064447.7935 -415715.66185 -5584012.8551 3057030.6637 -406794.85327 -5584012.8551 3057030.6637 -406794.85327 
-5587638.8133 3049645.6271 -412344.88231 -5590149.2965 3044305.8178 -417678.23499 -5597872.1659 3031434.3688 -407776.16358 
-5603128.9887 3020130.5476 -419290.34695 -5610750.0715 3006691.8662 -413893.28268 -5617051.7263 2995572.818 -409063.261 
-5620256.8653 2989978.1624 -405941.0136 -5622996.7482 2985020.8125 -404513.67474 -5627699.4417 2975692.1453 -407858.96015 
-5632102.4723 2966204.1517 -415983.27899 -5636830.6124 2955888.0025 -425235.41629 -5640774.8437 2947043.5814 -434200.804 
-5643527.6399 2940588.8668 -442051.14403 -5647121.315 2932566.5245 -449327.93739 -5649491.6518 2926417.5496 -459427.5527 
-5651422.559 2921663.9628 -465869.68634 -5661700.3484 2893869.381 -511951.96143 -5671589.6015 2865794.3162 -557996.01907 
-5678949.3814 2843434.8736 -595998.64939 -5686066.8483 2820858.9445 -633956.65312 -5692795.779 2798365.8121 -671863.66859 
-5695643.9052 2786571.0983 -696109.15446 -5134506.4588 3765737.4308 -385034.47522 -5154756.6776 3734297.9007 -418952.60909 
-5175159.9562 3702864.8272 -445383.70612 -5183449.8682 3685998.2536 -486699.71859 -5190752.2981 3670769.0012 -522376.54379 
-5197232.4593 3657152.0033 -552420.54337 -5204248.1396 3643108.1092 -578348.21445 -5230774.9465 3594336.7496 -640436.95673 
-5258703.2182 3546100.909 -679204.22101 -5284720.3324 3498279.0513 -723527.87599 -5310354.6073 3454388.5117 -746199.41989 
-5337110.8139 3403259.7284 -788745.27481 -5366096.8308 3351805.8357 -811882.02721 -5398575.1162 3296987.6676 -820949.39142 
-5752807.3432 2627283.9736 -831354.79385 -5742095.8214 2645686.2717 -846787.80931 -5719360.5659 2682554.6744 -883598.86211 
-5696147.521 2719244.5707 -920384.46826 -5672322.6171 2755921.9337 -957424.82579 -5648306.2935 2791936.3543 -994146.72035 
-5623130.8179 2833673.0436 -1018290.1822 -5532450.7191 2984651.2663 -1081302.9324 -5541779.3863 2967242.9069 -1081417.6322 
-5539549.196 2965554.3126 -1097264.7255 -5543264.0276 2957589.3202 -1099966.5334 -5548527.307 2947222.0877 -1101253.6783 
-5551681.5526 2941200.536 -1101470.2597 -5558212.6071 2928781.4298 -1101616.8628 -5557065.9885 2927054.6654 -1111888.4804 
-5566598.2289 2908537.6675 -1112793.3558 -5573231.4498 2895430.3622 -1113749.1245 -5578099.7365 2885114.213 -1116125.9179 
-5587855.2997 2865730.5096 -1117266.4597 -5582904.2165 2862455.2975 -1149719.1085 -5598509.4717 2831200.7303 -1151222.8348 
-5607767.8757 2812817.4223 -1151222.8348 -5617842.0918 2794593.4407 -1146501.2462 -5627750.335 2775057.0574 -1145360.6095 
-5632694.9615 2765893.9834 -1143257.8424 -5640265.151 2749721.8755 -1144933.7134 -5645942.4133 2738475.4043 -1143907.7765 
-5648191.5936 2734212.5201 -1142996.6344 -5651365.2091 2729662.8864 -1138198.516 -5657800.9336 2732893.472 -1098035.8161 
-5666160.7289 2717320.31 -1093600.8822 -5677477.6533 2696349.9888 -1086840.1431 -5684072.5143 2684542.7417 -1081627.852 
-5690833.3483 2671964.309 -1077231.183 -5689163.744 2670326.7978 -1089962.4855 -5693656.0278 2660928.0574 -1089503.6861 
-5699862.3526 2649413.8266 -1085119.7405 -5705686.218 2639779.4198 -1077995.8169 -5707540.4055 2640639.6686 -1066086.5933 
-5714122.7331 2629291.0309 -1058924.4048 -5717092.3955 2623887.605 -1056324.6683 -5721820.1559 2615304.4868 -1051991.711 
-5722247.052 2611035.3359 -1060224.368 -5727606.0412 2600929.4064 -1056133.5336 -5727759.1009 2598348.66 -1061626.2127 
-5733238.8668 2587694.6779 -1058070.6126 -5737622.9074 2578952.2333 -1055668.3726 -5737578.0909 2577002.5259 -1060612.9991 
-5742127.7246 2567616.5088 -1058752.45 -5745415.6601 2560549.9352 -1058045.071 -5745695.9531 2559473.0101 -1059128.3578 
-5750354.2099 2549889.6865 -1056974.6025 -5751711.2381 2552890.8724 -1042357.2092 -5754686.9774 2547245.3234 -1039738.3878 
-5755540.7696 2550386.6558 -1027338.4615 -5763225.6589 2534915.4704 -1022565.7897 -5767609.3197 2525803.4796 -1020424.8526 
-5771477.211 2518137.9601 -1017480.9217 -5775733.6385 2524554.5046 -976872.24072 -5777734.4291 2528912.9087 -953659.00594 
-5779645.9665 2533360.5659 -930159.11651 -5781213.7842 2538254.2992 -906926.79673 -4996782.3343 3752094.9862 1279134.4258 
-4991748.4546 3750361.5754 1303462.6608 -4988919.3184 3744971.0627 1329377.6085 -4986905.6146 3738427.0949 1354935.7334 
-4989065.5417 3727001.9274 1378097.885 -4995463.2862 3709555.398 1401623.316 -4999847.3268 3698340.6401 1415463.352 
-5004881.2065 3681563.3197 1441002.297 -5007557.2829 3668869.9973 1463744.0091 -5008220.0353 3655941.1983 1493329.1618 
-5008506.7849 3651863.2772 1502262.7412 -5006970.8705 3645529.3393 1522512.9601 -5003103.359 3638169.9393 1552340.2358 
-4997393.8136 3619901.521 1611880.2774 -5005467.2391 3607934.7575 1613632.4884 -5007582.7296 3593808.0668 1638254.0245 
-5019090.6937 3576119.2245 1641714.0098 -4999713.2571 3572449.2095 1707084.3734 -5018058.3951 3539983.8374 1720745.808 
-5005862.232 3532292.8712 1770995.5423 -4999751.617 3521581.3494 1808934.4136 -4983904.4287 3516018.7869 1862338.0136 
-4964189.3492 3518612.0667 1909178.656 -4979329.3483 3490447.9387 1921330.0027 -4959104.5761 3501764.4832 1952578.3031 
-4949654.7525 3503771.7304 1972720.2787 -4942887.8417 3504555.2595 1988134.1143 -4935088.6323 3503816.1671 2008575.5628 
-4922038.677 3497781.8921 2050382.1355 -4909122.7913 3496086.8411 2083745.9264 -4906631.2981 3496380.0473 2089073.0124 
-4871604.1696 3506798.363 2152200.2724 -4863703.1736 3515948.5238 2155131.3851 -4857178.196 3518204.1607 2166053.1267 
-4842395.2096 3522078.5086 2192515.9371 -4824903.8637 3525869.6802 2224535.2331 -4809082.1221 3548802.4321 2222343.4027 
-4799728.0083 3552523.7203 2236482.8167 -4787258.0087 3556372.6215 2256860.4587 -4772901.9184 3560074.5399 2281131.4387 
-4772207.2628 3554377.9078 2291377.5147 -4761241.2744 3551504.3349 2318305.5811 -4746273.325 3548343.6327 2353345.243 
-4733121.583 3547273.3541 2381095.3882 -4716567.2057 3554575.784 2402804.8017 -4694660.2957 3566797.014 2427304.9915 
-4671593.4741 3576871.2301 2456616.3079 -4640689.4631 3592297.9789 2492178.3857 -4640689.4631 3592297.9789 2492178.3857 
-4655364.2063 3522613.6479 2562805.5722 -4668891.9511 3452024.6315 2632808.3661 -6151987.4754 802171.09054 -1479227.9179 
-6149426.0988 816794.84546 -1481859.5576 -6146297.2999 831010.78928 -1486893.4373 -6142021.8823 845392.32624 -1496349.5277 
-6136325.2501 865464.13368 -1508137.6898 -6128978.3835 902969.74719 -1515943.4507 -6122644.4457 937333.93335 -1520633.231 
-6115367.8422 936327.17639 -1550059.0573 -6113016.4955 948421.26811 -1551951.6047 -6108810.9612 973552.40196 -1552939.2766 
-6103706.8183 1005864.8093 -1552423.1274 -6107542.8064 1006935.2778 -1536684.2773 -6097882.9529 1058765.1733 -1540182.5275 
-6090682.6894 1102585.3549 -1537926.7956 -6094123.3048 1103203.4807 -1523895.6249 -6092256.5839 1115718.1068 -1522251.6571 
-6088923.8319 1133355.7709 -1522544.7684 -6084731.2109 1157314.4597 -1521289.5268 -6088681.8988 1157735.0891 -1505206.5772 
-6084731.2109 1179884.1221 -1503970.4205 -6080098.7806 1204773.1329 -1502989.1102 -6076256.336 1227725.0648 -1499981.5627 
-6078932.7922 1226170.3502 -1490442.6758 -6069387.2588 1272494.7483 -1490493.664 -6042758.6653 1377651.9039 -1505034.5274 
-6014358.681 1482388.4302 -1519116.6864 -6069005.1792 648484.79319 -1848504.5292 -6058535.9702 649612.65913 -1881912.9467 
-6046148.7672 662802.71351 -1916595.5958 -6038776.0742 670952.479 -1936763.0181 -6027867.4357 681459.90542 -1966634.9205 
-6016646.2212 695191.55574 -1995786.9104 -6004380.1746 710560.85962 -2026856.7045 -6006941.931 692368.78127 -2025582.2829 
-5998180.3064 689029.85752 -2052319.3095 -5990145.2408 687468.68634 -2076016.7903 -5981899.7655 688003.96809 -2099338.2683 
-5974075.1095 688163.24705 -2121289.8048 -5965096.9985 690393.43733 -2145535.1483 -5956061.1577 693356.45324 -2169391.9555 
-5948293.8516 695083.26504 -2189916.2006 -5937283.0467 692113.88746 -2220323.4322 -5928056.546 687577.02452 -2246059.8736 
-5919651.5543 687022.65778 -2268126.11 -5913407.2495 685984.04503 -2284559.5207 -5907545.0242 685722.78956 -2299667.6166 
-5915618.0699 609335.25941 -2300412.9757 -5907150.0313 608882.82171 -2322052.316 -5898095.2005 608258.38172 -2344959.8111 
-5887039.959 609405.33265 -2372104.3639 -5870173.0056 611176.77104 -2412821.478 -5859251.4539 612317.36031 -2438761.8724 
-5810231.7045 771228.6247 -2509459.322 -5819534.925 736934.55926 -2498263.744 -5825467.0336 711147.08215 -2491942.7193 
-5835057.0037 694547.98329 -2474241.1537 -5839644.9974 654404.41588 -2474349.5868 -5859251.4539 612317.36031 -2438761.8724 
-6151987.4754 802171.09054 -1479227.9179 -6146979.0423 783086.95507 -1509743.4876 -6141658.4129 767054.99375 -1539156.5906 
-6134553.8592 751163.2264 -1574667.7752 -6130137.9154 737597.2167 -1597944.6266 -6126193.6841 732888.304 -1615034.3331 
-6123727.6375 729128.84581 -1625968.798 -6120732.9082 723464.11693 -1639630.2327 -6118445.3681 719398.77668 -1649863.7753 
-6116202.2645 716327.51754 -1659415.3855 -6114411.8836 713300.79004 -1667252.9547 -6112258.0333 711644.09897 -1675772.2664 
-6108893.7578 708120.35465 -1689395.5311 -6107134.9003 703596.26251 -1697570.9331 -6105592.9091 699530.92226 -1704726.57 
-6104337.6675 693776.98767 -1711532.0306 -6103471.3418 691196.33621 -1715622.6751 -6100903.1289 689176.41315 -1725480.2148 
-6096538.4581 705393.14756 -1734260.8294 -6093231.5326 695854.26065 -1749566.4217 -6090580.523 690597.34288 -1760774.7231 
-6087197.2575 686340.86788 -1774009.4515 -6082501.0207 697855.05125 -1785504.5024 -6076689.6887 682364.73334 -1810928.7475 
-6073860.5525 673883.59165 -1823468.8203 -6071292.7194 668346.33341 -1833950.7526 -6069355.3555 660629.82568 -1843081.9234 
-6069005.1792 648484.79319 -1848504.5292 -6069005.1792 648484.79319 -1848504.5292 -6084648.4144 585561.29622 -1818020.7678 
-6078486.5263 544092.31898 -1851002.2892 -6084571.6946 520885.49334 -1837716.6674 -6085871.7527 508262.57649 -1836958.3951 
-6090816.3793 492090.4212 -1825023.7248 -6091937.9311 480837.4933 -1824265.4525 -6094117.228 467634.71559 -1820448.4545 
-6097220.2005 437800.98322 -1817485.6285 -6099565.0907 406845.84153 -1816835.5994 -6099565.0907 406845.84153 -1816835.5994 
-6095773.9191 407126.18199 -1829362.9489 -6090848.2826 410108.28289 -1844936.1109 -6085686.7898 414237.33473 -1860859.8289 
-6081328.5756 418315.44578 -1874062.4642 -6076192.5294 421055.3762 -1889935.289 -6065742.6903 425649.58906 -1921986.2984 
-6056713.3062 426395.13803 -1949914.7601 -6058663.2035 387971.97327 -1951858.3907 -6051277.977 386863.23979 -1974689.1661 
-6047461.3588 391068.75028 -1985464.3046 -6043510.6709 396746.20248 -1996258.4331 -6040630.6415 399632.71227 -2004331.6687 
-6030282.2092 399263.1661 -2035114.9031 -6025414.3023 406966.90303 -2047897.0989 -6019023.0145 414454.01108 -2065005.9854 
-6013759.7351 423158.14331 -2078438.0203 -6011261.7853 428574.34005 -2084491.4753 -6008076.0162 430664.38383 -2093170.1134 
-6001888.6814 431798.56396 -2110495.6763 -5997179.9111 436303.57111 -2122844.5194 -5992866.1337 443032.40687 -2133536.6714 
-5983377.9502 464703.60294 -2155290.7115 -5975094.4948 462486.13599 -2178478.4997 -5967091.3324 460192.23413 -2200640.2559 
-5967091.3324 460192.23413 -2200640.2559 -5951792.1968 434149.86321 -2246569.7562 -5932574.2764 402257.99033 -2302260.8964 
-5919333.2813 441649.69459 -2328793.97 -5901759.1388 492370.80914 -2362743.9834 -5878310.2376 557320.59082 -2406092.7372 
-5859251.4539 612317.36031 -2438761.8724 -6099565.0907 406845.84153 -1816835.5994 -6100361.5329 386257.8848 -1818638.8936 
-6101833.6408 368397.18264 -1817402.642 -6102783.1428 354984.11398 -1816899.406 -6103758.0914 342322.95594 -1816045.4239 
-6104344.1241 332414.49912 -1815918.0007 -6105363.5094 325418.04622 -1813783.5202 -6106083.6117 316267.83796 -1812974.1647 
-6106950.3171 306161.86099 -1811801.7197 -6107294.4167 299764.37768 -1811706.1998 -6107644.9728 291340.58592 -1811910.1528 
-6108224.5488 276092.39101 -1812337.0489 -6114851.6929 276175.23506 -1789990.3296 -6114475.6901 283541.25787 -1790105.0295 
-6117559.6726 277793.70868 -1780527.9726 -6118043.9186 257702.79251 -1781872.4674 -6118496.2614 243499.6195 -1782299.3635 
-6118904.1674 234425.86988 -1782127.3137 -6119324.6069 226951.53263 -1781649.5243 -6121395.6606 213015.95302 -1776296.9917 
-6122421.5026 204598.54665 -1773754.6052 -6123759.5408 195550.30303 -1770179.9201 -6124301.1367 183583.69383 -1769593.6975 
-6124842.7327 170871.54754 -1768988.2951 -6125461.0484 161364.52829 -1767758.5001 -6128908.1204 157923.65176 -1756142.2927 
-6131673.8298 153922.03496 -1746890.1554 -6131673.8298 153922.03496 -1746890.1554 -6135146.3485 113944.10817 -1737803.6113 
-6138307.0507 71570.303008 -1728927.4768 -6140161.2382 41367.024466 -1723358.4577 -6141008.5738 11788.200004 -1720822.3379 
-6144315.8791 -27992.196992 -1708862.031 -6151987.4754 802171.09054 -1479227.9179 -6156422.4093 750570.6422 -1487766.4095 
-6163501.8961 683613.66078 -1490723.0637 -6172371.7639 655169.04983 -1466757.9183 -6175691.6027 596610.36605 -1477660.385 
-6177042.1743 577264.9751 -1479661.2706 -6178769.1286 564049.42659 -1477564.8651 -6181445.205 551898.03243 -1470988.8992 
-6187626.0831 507192.06047 -1461144.1777 -6188435.4386 469762.97683 -1470122.3837 -6188250.4756 438476.45894 -1480476.8928 
-6183032.0127 430084.52296 -1504384.5933 -6183975.0581 404666.59203 -1507538.744 -6184847.8403 365497.92579 -1513910.7569 
-6183700.8419 327756.57468 -1527081.6788 -6182254.5605 305932.46131 -1537366.1147 -6180636.2293 278825.98351 -1548892.9739 
-6180636.2293 278825.98351 -1548892.9739 -6176303.082 212550.81573 -1576286.2013 -6172416.2006 164971.08105 -1596931.5079 
-6165681.1931 106329.56509 -1627421.5361 -6160749.1 65701.692313 -1647977.6845 -6153975.7326 22556.879662 -1674051.7688 
-6144315.8791 -27992.196992 -1708862.031 -6144315.8791 -27992.196992 -1708862.031 -6144551.3556 -59629.176065 -1707211.7965 
-6144551.3556 -59629.176065 -1707211.7965 -6147979.4376 -127490.97354 -1691179.8352 -6148017.7975 -186336.39506 -1685623.3495 
-6143691.1068 -247724.23871 -1693410.0255 -6136159.657 -307621.05565 -1710703.4951 -6158314.9567 -393273.47016 -1611300.3216 
-6160672.76 -335804.41113 -1615263.7328 -6162526.9475 -278220.62851 -1619093.2642 -6165744.6198 -242683.99729 -1612600.1898 
-6176832.1445 -189796.39218 -1577101.8235 -6187281.9836 -136845.07549 -1541444.1308 -6180699.656 -132919.91734 -1567811.5162 
-6181133.0087 -119978.38323 -1567129.6788 -6161621.8822 -102385.29821 -1642873.7315 -6161762.4085 -76572.321039 -1643746.5137 
-6144551.3556 -59629.176065 -1707211.7965 -2442190.1443 -5378534.9271 -2400338.7551 -2448644.8588 -5371818.9096 -2408737.1002 
-2441865.0348 -5358686.1577 -2444362.9847 -2439654.0245 -5336785.7044 -2493663.027 -2468009.3822 -5322958.6766 -2495300.7281 
-2473508.518 -5313655.4561 -2509542.1185 -2492898.488 -5301758.9557 -2515474.4171 -2496428.5465 -5292232.7921 -2531863.2013 
-2526886.6714 -5274257.2002 -2539095.368 -2502743.1146 -5265069.0594 -2581443.7265 -2498129.8642 -5260570.3189 -2594952.4813 
-2503749.9665 -5253465.3854 -2603854.0624 -2540369.7896 -5228894.9325 -2617713.1834 -2542631.8831 -5220567.0404 -2632005.6571 
-2560753.8882 -5207816.3681 -2639639.2733 -2562480.6526 -5201922.2395 -2649496.6232 -2545034.1232 -5195295.4752 -2678948.086 
-2573587.1673 -5164066.3548 -2711630.1345 -2556057.6514 -5159765.1107 -2736130.5141 -2521285.7491 -5162995.6963 -2762000.8353 
-2491694.1397 -5161447.6283 -2791394.7583 -2463211.3588 -5160064.7736 -2818909.0472 -2438029.2367 -5159790.5574 -2841058.0802 
-2418339.6038 -5161428.2584 -2854789.778 -2363534.1589 -5180072.6795 -2866813.7015 -2309474.0732 -5200839.0477 -2873223.9794 
-2278550.6923 -5213411.2136 -2875116.5267 -2220482.7586 -5237236.1176 -2877238.2839 -2220482.7586 -5237236.1176 -2877238.2839 
-2219921.9828 -5243282.9261 -2866711.9149 -2194338.4112 -5249846.2636 -2874332.8078 -2196734.1946 -5262290.8165 -2849800.5248 
-2204240.3877 -5273798.4009 -2822783.2053 -2207872.4227 -5285344.7249 -2798410.4387 -2205030.5632 -5292041.7523 -2788049.4729 
-2198722.2619 -5295106.365 -2787221.1274 -2200480.9295 -5301688.6926 -2773368.463 -2192541.5736 -5305053.3478 -2773228.1266 
-2192789.9634 -5310380.054 -2762886.5308 -2186373.4188 -5314018.5456 -2760987.5268 -2188393.3893 -5318389.673 -2751015.4771 
-2192911.1198 -5323563.6992 -2737475.009 -2202233.3304 -5331656.1148 -2714299.9442 -2205686.859 -5337378.1936 -2700300.6767 
-2161943.1124 -5356921.2234 -2697000.0179 -2164249.8325 -5362911.0618 -2683306.4901 -2174973.8878 -5370289.8316 -2659934.1187 
-2183811.8523 -5377267.1521 -2638645.1447 -2189616.7277 -5386162.4665 -2615750.5628 -2189196.0983 -5391871.6321 -2604389.3917 
-2154239.4229 -5409783.4175 -2596430.666 -2161860.3158 -5415167.8534 -2578939.51 -2170596.3038 -5418105.2327 -2565481.8385 
-2177834.9272 -5427389.0834 -2539764.577 -2180957.2695 -5433238.7753 -2524637.3012 -2170551.6772 -5443019.7852 -2512587.931 
-2191088.6457 -5443924.4707 -2492866.5848 -2221260.021 -5440859.4782 -2472909.5721 -2259409.3019 -5434557.8234 -2452257.9038 
-2296959.447 -5428682.6849 -2430433.7904 -2332789.2845 -5421890.3275 -2411515.3431 -2365617.7461 -5412109.3175 -2401562.2834 
-2393960.3806 -5400747.9565 -2399070.7902 -2414522.7957 -5391419.2894 -2399427.613 -2442190.1443 -5378534.9271 -2400338.7551 
-2036886.294 -5035651.5276 -3333460.6977 -2033241.5357 -5022098.3362 -3355909.2035 -2031298.095 -5011756.3605 -3372387.2409 
-2027774.3032 -5002574.2965 -3388005.0294 -2030151.0966 -4986924.6047 -3409434.15 -2048317.5384 -4980450.9001 -3408045.2185 
-2049770.4663 -4969414.6485 -3423146.8577 -2043016.089 -4952318.2955 -3451648.6287 -2037708.1829 -4933584.6212 -3481284.8647 
-2032540.6133 -4916699.0576 -3507919.9147 -2030393.2196 -4900832.4995 -3531132.9596 -2038638.505 -4896550.6253 -3532318.3179 
-2032642.5898 -4876389.6596 -3563311.5821 -2019783.8641 -4861307.0104 -3590940.5708 -2001292.3129 -4851417.7573 -3614427.8319 
-1978977.4969 -4852475.5025 -3625209.2371 -1939177.9815 -4859115.18 -3637717.5965 -1906515.113 -4865105.0184 -3646905.7374 
-1881409.5207 -4869208.3862 -3654412.1203 -1853786.7987 -4873203.5108 -3663128.9284 -1853786.7987 -4873203.5108 -3663128.9284 
-1828904.1495 -4884615.7651 -3660452.852 -1814325.1162 -4897933.48 -3649970.7298 -1801338.9673 -4911493.1281 -3638239.8226 
-1784797.1234 -4925339.5257 -3627732.6336 -1767165.821 -4937943.2151 -3619270.6718 -1731234.1969 -4954994.7517 -3613370.0867 
-1731234.1969 -4954994.7517 -3613370.0867 -1739893.6551 -4974747.8113 -3582140.9662 -1745208.0177 -4991914.0477 -3555754.3058 
-1743939.8628 -5006505.9943 -3535943.8963 -1760583.6833 -5020976.7845 -3507250.7057 -1773333.9758 -5032841.3815 -3483897.5143 
-1755779.2032 -5046726.1391 -3472765.553 -1738835.9098 -5057985.3337 -3464953.4304 -1764954.8106 -5066561.9953 -3439293.329 
-1790423.6823 -5074284.8647 -3414818.5859 -1827668.0878 -5079050.9849 -3388081.7492 -1868761.0148 -5076413.2683 -3369685.7178 
-1915225.6544 -5071971.8778 -3350365.6311 -1963939.6641 -5062815.2604 -3336073.3473 -2004503.7185 -5047356.6084 -3335372.2351 
-2036886.294 -5035651.5276 -3333460.6977 -2220482.7586 -5237236.1176 -2877238.2839 -2229250.6499 -5223370.3501 -2895474.9888 
-2225618.6149 -5210588.1543 -2921026.6571 -2219826.4629 -5196015.5776 -2951032.4392 -2207235.3069 -5199666.6026 -2954027.3584 
-2199595.234 -5189222.8403 -2977833.0824 -2192426.8738 -5176325.9447 -3005251.8514 -2185360.3002 -5164920.1469 -3029752.2311 
-2192140.1242 -5161848.6979 -3030096.3306 -2189654.8977 -5153253.0463 -3046363.9584 -2184576.3913 -5141554.0423 -3069532.5665 
-2174164.7222 -5132964.4675 -3091082.6536 -2118154.7391 -5147435.2577 -3105776.5768 -2065515.678 -5162588.1701 -3115990.7495 
-2054001.4472 -5148658.9758 -3146296.0045 -2046966.7768 -5124789.2554 -3189262.4888 -2043768.0945 -5116250.9537 -3204886.734 
-2040753.9954 -5103022.4919 -3227659.9696 -2041346.6746 -5090577.939 -3246750.6566 -2043487.6117 -5087181.7603 -3250707.8011 
-2041225.5181 -5064675.9045 -3286817.7416 -2036204.5516 -5045362.2744 -3319251.2105 -2034879.0468 -5045630.034 -3319659.1165 
-2036886.294 -5035651.5276 -3333460.6977 -1332276.9129 -6231503.7096 293303.15906 -1333863.5307 -6231478.2629 286523.35878 
-1333398.3697 -6231943.5189 278526.48684 -1334284.0651 -6231835.2757 276710.46934 -1334360.5 -6232185.452 268465.11273 
-1334921.2759 -6232166.4619 266113.83721 -1334768.3111 -6232497.6482 259040.92567 -1333914.519 -6232771.8644 256925.41149 
-1333506.7078 -6233517.4134 240542.98899 -1332652.8207 -6233797.7064 237904.9876 -1333621.4077 -6234059.0093 225352.144 
-1333774.2775 -6234237.5157 219458.06292 -1335131.4957 -6234211.6892 211888.11082 -1336877.4399 -6233836.0662 211926.35201 
-1340127.2054 -6233600.21 197971.66367 -1354177.4611 -6230662.8306 194983.2011 -1350838.5374 -6232077.2088 171591.5905 
-1353782.3734 -6231478.2629 170075.05779 -1350073.9034 -6232765.4078 151526.15659 -1352367.8053 -6232300.1518 150130.69725 
-1348085.8362 -6233561.8501 135895.64471 -1350265.0382 -6233103.0507 135150.11948 -1345734.5844 -6234269.0392 126273.92562 
-1345734.5844 -6234269.0392 126273.92562 -1334927.6376 -6236422.8895 134315.38855 -1321501.8693 -6239130.8692 141248.12986 
-1306871.7527 -6242036.725 148550.44109 -1287112.1415 -6245955.5097 156273.29861 -1280179.4477 -6247612.2007 146696.18239 
-1269996.9884 -6249498.2915 154616.5838 -1263045.1146 -6251046.7393 148970.98739 -1254825.1809 -6252531.3807 155750.79954 
-1251250.4958 -6253385.1728 150302.73514 -1238111.4771 -6255800.3261 158427.03024 -1233549.1201 -6256800.7214 154272.49615 
-1221926.551 -6258839.4921 163734.91254 -1224851.302 -6258145.2162 168507.53682 -1212750.9436 -6260050.297 184252.74854 
-1213719.4356 -6259782.5375 186890.76179 -1206576.4271 -6260948.9057 194084.74671 -1213725.7973 -6259247.3981 203923.11841 
-1221869.2011 -6257386.754 212206.71621 -1232733.4979 -6254971.9806 220420.21702 -1245885.3348 -6252091.5713 228022.02491 
-1255226.6303 -6249988.9941 234241.09679 -1264121.9448 -6247956.3003 240447.42161 -1272131.5638 -6246019.3162 248469.76393 
-1272131.5638 -6246019.3162 248469.76393 -1269378.8626 -6244776.608 289925.99411 -1291897.5366 -6239978.5845 293787.42881 
-1311599.703 -6235849.3903 294061.43135 -1332276.9129 -6231503.7096 293303.15906 -1332276.9129 -6231503.7096 293303.15906 
-1336571.6053 -6229770.6785 310016.91028 -1335144.3139 -6230006.5348 311431.50209 -1337425.4925 -6228974.2362 321951.67556 
-1340362.9668 -6228368.8338 321486.51454 -1345358.5816 -6226195.9934 341883.28904 -1347964.7747 -6224583.739 360387.58738 
-1345734.5844 -6234269.0392 126273.92562 -1352316.817 -6233625.6566 79363.25752 -1349054.3282 -6234339.3023 78636.85289 
-1353807.82 -6233670.0933 41386.139128 -1358287.3805 -6232809.8445 17484.767614 -1361014.6351 -6232242.8019 -1720.4399334 
-1272131.5638 -6246019.3162 248469.76393 -1238417.3117 -6252747.8671 249489.2917 -1237690.9427 -6253079.4332 244754.88487 
-1223596.0604 -6255800.3261 246042.02977 -1177386.2672 -6264689.184 245366.60153 -1150037.6664 -6269761.4236 245602.36287 
-1114125.1273 -6276235.1282 245659.71279 -1111971.3719 -6276203.2249 255963.23365 -1097302.9904 -6278911.5844 252917.42116 
-1086113.7741 -6280855.0251 252955.66235 -1078231.5783 -6282231.4231 252535.10419 3175110.1617 -1795546.8153 -5215845.3569 
3146283.2812 -1883429.3014 -5202393.9521 3115360.0903 -1974555.2863 -5187292.3129 3076809.3599 -2054600.3931 -5179263.7038 
3060000.1363 -2014259.2818 -5204834.552 3024622.6416 -1968546.6478 -5242607.6403 2991450.0804 -1994378.6091 -5251808.6944 
2950325.2501 -2034624.2005 -5259576.3803 2901955.3399 -2116784.7977 -5254096.2346 2905759.4247 -2177427.0211 -5227321.038 
2877996.5562 -2233233.0512 -5219190.6424 2858950.6856 -2291676.9876 -5204401.1993 2834049.0464 -2353804.0423 -5190369.8387 
2810937.7881 -2414350.7459 -5175204.7727 2787533.3236 -2474636.3364 -5159472.2843 2770360.8205 -2530582.513 -5141675.1988 
2752933.4711 -2586305.5565 -5123393.8673 2728707.1177 -2654434.983 -5101608.1138 2704104.7615 -2722194.8633 -5079108.3348 
2651554.9536 -2785781.1127 -5072379.7839 2598552.613 -2852024.4484 -5063044.6601 2524548.2379 -2920861.064 -5061254.2791 
2444190.9349 -2983166.4351 -5064338.2616 2356174.3791 -3034919.8008 -5075214.9968 2273886.3587 -3059789.7266 -5097619.066 
2190534.3264 -3098531.4968 -5110611.6714 2137748.6622 -3121700.105 -5118799.7968 2084790.9483 -3144607.4102 -5126560.6463 
2014367.525 -3192575.871 -5125082.4616 1931620.8951 -3246221.5941 -5123247.2641 1854927.3405 -3282879.967 -5128191.8907 
1768357.446 -3316428.5309 -5137125.5651 1712360.3761 -3334862.5424 -5144109.3421 1656203.7899 -3353003.7274 -5150653.3098 
1587061.3398 -3370845.2497 -5160702.0793 1517714.8417 -3388259.8758 -5170087.7166 1423861.6022 -3421279.757 -5175000.8197 
1327555.2294 -3456338.4089 -5177294.4367 1280606.3438 -3493162.375 -5164474.2608 1245114.2442 -3518567.2503 -5155961.026 
1202339.0846 -3550242.6367 -5144459.5184 1158862.9076 -3583969.707 -5131129.6499 1111193.9197 -3636946.6009 -5104507.1332 
1055840.4223 -3690694.1106 -5077783.2098 1001965.1096 -3738242.1319 -5054028.1892 958342.42451 -3771682.4527 -5037722.2016 
914630.48619 -3804816.654 -5021014.7645 3175110.1617 -1795546.8153 -5215845.3569 3154439.5033 -1800332.1154 -5226652.2088 
3141568.0543 -1800262.0422 -5234368.6216 3128384.4091 -1791175.498 -5245296.6299 3120757.0596 -1785307.006 -5251796.1609 
3113104.2634 -1784115.381 -5256708.8842 3091866.3726 -1807876.6683 -5261092.9248 3082818.1883 -1803352.4812 -5267904.2723 
3075758.0713 -1799796.9761 -5273205.9116 3067646.4758 -1794915.9662 -5279552.3829 3061261.6446 -1790672.262 -5284656.5259 
3048549.522 -1783841.3547 -5294246.1162 3034945.4373 -1779017.8846 -5303613.1432 3023775.306 -1796884.8535 -5303969.7762 
3018652.173 -1794278.6604 -5307742.3375 3013439.7869 -1792341.6764 -5311329.556 2990309.5386 -1778559.0852 -5328890.7852 
2999453.2428 -1764623.4344 -5328387.5492 2982650.2858 -1748508.6765 -5343011.0192 2990137.4888 -1735356.9345 -5343113.1856 
2951077.0658 -1708562.5581 -5373182.7743 2957672.1168 -1697417.8734 -5373087.0645 2903586.5843 -1665876.5566 -5412058.0444 
2898023.832 -1673637.596 -5412638.0002 2855802.8966 -1645537.0846 -5443402.2446 2865909.016 -1625643.6886 -5444058.5403 
2808229.6185 -1592362.7892 -5483545.6696 2792637.2766 -1619322.6639 -5483609.4761 2759681.3918 -1595319.4435 -5507122.1838 
2744082.5933 -1576719.554 -5520171.7594 2729905.0094 -1550677.1831 -5534464.4229 2752436.3118 -1505486.9651 -5535770.5579 
2776847.4383 -1458174.895 -5536235.8139 2764211.8456 -1451038.2482 -5544379.1227 2764211.8456 -1451038.2482 -5544379.1227 
2793975.5048 -1416820.5702 -5538344.8477 2823930.2037 -1381647.1235 -5532081.1729 2263124.1335 -2202781.193 -5523950.3975 
2294633.7368 -2151104.3572 -5531265.7406 2325926.474 -2099236.2918 -5538071.0113 2322345.5222 -2034037.9779 -5563673.383 
2396317.994 -1998450.4534 -5545296.7215 2392775.2122 -1944071.7148 -5565973.8364 2426515.0058 -1866008.4085 -5577991.4932 
2451563.2482 -1808641.2073 -5585879.9558 2533092.9962 -1762195.7477 -5564450.8352 2598151.1636 -1716189.9076 -5548915.8432 
2653912.567 -1682080.5677 -5533056.1216 2653912.567 -1682080.5677 -5533056.1216 2684357.9686 -1613810.9947 -5538663.5005 
2714280.7642 -1550600.7482 -5542110.5726 2738609.0941 -1502039.7032 -5543506.3405 2764211.8456 -1451038.2482 -5544379.1227 
2823930.2037 -1381647.1235 -5532081.1729 2884177.4343 -1349130.8581 -5509129.431 2949796.3775 -1341560.8585 -5476351.8627 
3001167.4737 -1335622.1983 -5450010.0188 3068181.805 -1354470.5724 -5408165.0863 3126944.3944 -1400731.2589 -5362840.7986 
3145926.4584 -1415992.2246 -5347809.4225 3171663.0896 -1458550.8029 -5321282.6157 3197144.4948 -1501001.043 -5294341.826 
3219656.8072 -1550938.3911 -5266419.631 3234815.7964 -1606763.6011 -5240504.6833 3234064.1706 -1647474.2585 -5228391.6965 
3227462.4732 -1687592.4268 -5219732.2383 3203427.5393 -1749948.6912 -5214035.6061 3175110.1617 -1795546.8153 -5215845.3569 
3008622.5835 5256498.4746 1995965.2269 2976635.1907 5251859.5877 2054880.8759 2944087.0221 5248922.2083 2108220.8594 
2911258.5604 5245481.2131 2161350.6231 2879672.4272 5244627.4209 2204979.6699 2847952.6041 5243512.3258 2248118.0141 
2806235.0947 5244175.0782 2298144.6154 2777809.6637 5245545.0196 2329131.6129 2761733.0757 5223172.8537 2397069.9996 
2722041.9935 5229545.1515 2428171.6969 2681955.7285 5235859.7195 2458769.9683 2602777.1373 5250464.1995 2511778.7654 
2534067.9449 5259627.2736 2562034.5765 2492847.4048 5262023.057 2597074.2384 2451493.1749 5264004.8575 2631954.5739 
3008622.5835 5256498.4746 1995965.2269 3036034.8959 5271708.3571 1913167.5138 3052117.9404 5290735.2376 1833944.4859 
3066333.8842 5303383.7435 1773091.8528 3080224.7186 5315503.1869 1712067.1699 3109860.9545 5309609.0584 1676638.7819 
3136540.4413 5305626.847 1639388.1097 3168413.3241 5280151.3288 1660078.1379 3215891.0823 5266247.5812 1612593.9231 
3246330.2171 5238465.9126 1641637.4799 3272073.1151 5233081.4767 1607572.7667 3317333.2164 5202406.4856 1614314.4207 
3360350.594 5174783.9534 1614110.4677 3427154.8955 5132046.8688 1610134.3331 3427154.8955 5132046.8688 1610134.3331 
3431965.4524 5128140.9974 1612300.7169 3434890.2984 5126936.6491 1609930.3801 3445461.2939 5119162.8864 1612065.0505 
3465667.0761 5103749.0509 1617576.7196 3478838.1879 5093770.5445 1620730.9653 3482801.4092 5092451.4964 1616404.2746 
3495455.992 5082122.4339 1621546.5875 3512405.7419 5068358.8328 1627924.962 3526360.3828 5056500.6924 1634596.3529 
3534025.9023 5055990.9997 1619654.0401 3541678.5085 5050083.9579 1621329.9111 3560425.096 5034307.0328 1629269.4569 
3575246.4423 5021371.7773 1636673.6734 3580388.5653 5021562.8171 1624872.6929 3587990.2782 5020995.7745 1609898.4768 
3593215.5776 5016599.2005 1611937.6273 3597554.8017 5012412.6563 1615251.0095 3601269.6333 5009373.1105 1616404.2746 
3604429.9557 5006741.4708 1617481.1997 3609081.7559 5002752.8028 1619437.3637 3612465.4012 4999496.7706 1621935.3136 
3618843.7757 4993494.3988 1626172.5612 3625209.2371 4992914.443 1613804.5381 3635748.3294 4991104.6922 1595727.1596 
3643789.8517 4990021.5003 1580804.0267 3647492.1498 4986950.0513 1581944.5685 3666952.0032 4969917.8846 1590489.4218 
3684870.2452 4954166.4062 1598142.123 3695957.3901 4944124.0933 1603577.4522 3697136.2917 4944098.6466 1600952.2691 
3704477.0815 4937879.4086 1603182.4594 3721904.2411 4922510.0098 1610019.6333 3735489.3358 4910103.8167 1616391.5513 
3743518.3246 4908243.1726 1603494.6556 3753203.6247 4899570.8013 1607336.9104 3773224.4439 4881837.5223 1614365.314 
3786408.0892 4870674.0375 1617188.1834 3809104.9848 4864926.512 1581026.9698 3829680.3131 4860102.6621 1546000.1262 
3852020.5758 4854775.9559 1506997.148 3865701.3803 4850933.5113 1484319.1475 3877661.3073 4847543.7891 1464202.8084 
3887640.1935 4844453.3501 1448005.159 3901225.2882 4831218.4317 1455587.787 3919799.4461 4813281.1997 1465024.7923 
3933563.0472 4799288.5787 1473945.5534 3943318.6104 4796070.5266 1458385.1148 3954437.6585 4785091.625 1464279.2434 
3963727.9658 4776062.6206 1468605.8391 3969915.3006 4773711.2739 1459563.9215 3978746.8085 4769900.7325 1448024.244 
3986820.2341 4761661.7138 1452905.2539 4003055.9585 4745215.5797 1461972.5232 4016016.6607 4732172.081 1468644.0091 
4025625.6208 4728858.6988 1453019.8588 4038216.7768 4723480.7196 1435592.5094 4041154.1562 4719829.6945 1439288.256 
4050157.7139 4716898.392 1423606.7559 4057517.4937 4713706.1663 1413258.6084 4073766.1314 4697999.1245 1418783.1908 
4088287.8149 4683521.8778 1424811.1042 4097055.896 4680444.3519 1409773.1765 4107314.6954 4675123.7226 1397596.2882 
4117548.048 4665036.5932 1401177.335 4126615.4122 4655752.7425 1405338.2426 4137218.6909 4651464.4117 1388363.2359 
4143322.8493 4645060.5905 1391587.4598 4152861.9261 4635273.124 1395761.0908 4159972.9364 4627887.8975 1399049.0263 
4166013.6681 4625428.3075 1389242.5697 4175221.1788 4621038.1901 1376250.0592 4183829.7436 4612225.6722 1379639.9712 
4194566.7121 4601597.3268 1382488.1923 4200804.5604 4598449.5378 1374058.0389 4205876.8001 4596168.0744 1366207.7463 
4222482.4505 4578906.508 1372885.5938 4234531.6308 4566684.8981 1376460.2789 4238711.7183 4566232.5554 1365124.5545 
4244720.5467 4559701.1211 1368272.3435 4248970.5176 4555234.6637 1369935.3962 4255623.1084 4552386.1578 1358758.9032 
4263511.5709 4547919.3206 1349041.6049 4273362.844 4537444.0348 1353106.8977 4283551.3802 4526388.4134 1357879.5694 
4290401.4673 4522845.6316 1348073.0179 4298716.826 4518672.0006 1335622.1983 4307140.8076 4508852.6309 1341611.8467 
4315545.4195 4499830.0831 1344861.6123 4320241.6563 4497287.6966 1338323.9112 4324306.6642 4495140.3029 1332423.421 
4343881.5973 4474858.1808 1337004.8631 4358721.9336 4458698.7963 1342631.422 4359575.7258 4457641.0511 1343364.1527 
4363736.8233 4456385.8094 1334048.3038 4371434.2461 4451784.9026 1324241.7523 4378143.8069 4444049.4998 1328020.3904 
4385344.0704 4435797.5678 1331818.1135 4389842.8109 4433127.948 1325917.6233 4404065.2113 4418981.8876 1325981.3349 
4418000.8621 4404632.2539 1327364.0946 4420300.9357 4402083.4107 1328160.5369 4428030.2618 4394188.4916 1328542.9013 
4448631.0368 4373657.9797 1327472.4328 4483963.5251 4337579.5627 1326975.3685 4514046.0269 4306108.5091 1327485.1561 
4578020.8125 4245427.7358 1303774.952 4641116.3592 4183753.4037 1280039.2063 4665125.8464 3818064.1057 2079234.6525 
4684395.0398 3769866.2453 2123093.099 4698993.0632 3723803.2451 2171265.3229 4705173.9414 3685946.9805 2221540.5039 
4691863.0629 3662351.4762 2287299.4037 4674836.973 3629484.6547 2372384.8468 4671058.3348 3589385.6664 2439424.6248 
4676659.2572 3529559.0651 2514340.142 4690766.9578 3480004.1764 2556497.4607 4682699.9888 3453305.3198 2606651.2953 
4674257.0171 3426326.1702 2656588.8333 4668452.1418 3400067.5027 2699886.5039 4662347.9834 3373591.5892 2743012.1248 
4665317.266 3333339.921 2786539.385 4667872.1859 3292807.58 2829824.3322 4667802.3026 3253250.1876 2875021.0068 
4667324.5132 3213406.0457 2919956.1886 4656861.3811 3171561.1131 2981350.4176 4624345.1157 3169675.0224 3033161.1332 
4591401.9542 3167501.9921 3084698.0124 4558037.9734 3165029.6788 3135941.4954 4524260.0098 3162264.3492 3186892.1521 
4665125.8464 3818064.1057 2079234.6525 4662513.5765 3855780.2238 2014928.3009 4648278.2629 3898529.8419 1965271.4356 
4642390.5909 3941394.1598 1892840.7651 4659932.8301 3945090.0013 1841667.3553 4677130.9698 3948511.6267 1790359.8758 
4724149.9286 3917989.6953 1733438.9405 4731439.4453 3938826.3266 1665462.3839 4723480.7196 3967168.961 1620469.6623 
4715177.8944 3995231.3025 1575368.6975 4702969.1978 4032928.0508 1515044.937 4750205.0228 3998799.531 1457442.0694 
4732650.2502 4043078.6068 1391319.7952 4715063.1945 4078092.8221 1348461.744 4697075.0692 4112775.4712 1305488.993 
4658537.442 4143131.8095 1346671.2681 4641116.3592 4183753.4037 1280039.2063 4721225.0826 1746444.0794 3905232.9462 
4751842.7238 1801287.8841 3843099.8147 4763108.3751 1859604.3974 3801433.3885 4779681.7424 1892292.9025 3764564.9858 
4787137.2321 1923757.6894 3739236.0706 4782332.3722 1968712.2409 3722057.3008 4783600.527 2017343.2642 3694472.7488 
4791055.6369 2073136.5709 3653972.311 4794783.3817 2122143.597 3621016.6161 4784377.9793 2189731.4276 3594617.4223 
4751243.3982 2274039.4185 3586276.2372 4718236.4302 2348859.4158 3581650.2635 4678985.1573 2407411.7854 3594158.623 
4638777.9257 2433810.9791 3628108.6364 4613914.2666 2458451.5053 3643076.206 4580951.7353 2484978.1222 3666436.2338 
4557426.4941 2503284.7105 3683149.7476 4540891.1068 2524337.8283 3689165.0326 4526082.6738 2544607.2271 3693402.4701 
4508712.4844 2574944.3854 3693618.9566 4508712.4844 2574944.3854 3693618.9566 4501754.154 2622269.0839 3668895.8237 
4484358.8977 2672461.4682 3654049.0308 4471621.1386 2714089.7244 3639049.1781 4458928.196 2758183.8373 3621545.2988 
4445890.774 2796683.4844 3608113.2638 4426685.7669 2838369.0906 3599217.9494 4410373.3227 2875167.42 3590086.7786 
4377659.5609 2923448.0771 3591131.6106 4350718.7712 2940588.8668 3609706.1484 4313009.1097 2964228.9977 3635359.7932 
4276166.5335 2983102.8185 3663147.9185 4235455.6861 3005768.0007 3691611.7094 4197873.6377 3026623.6221 3717246.3641 
4147165.2939 3059050.6343 3747296.5829 4641116.3592 4183753.4037 1280039.2063 4688351.8045 4139493.3178 1251645.5836 
4721256.9859 4121020.9465 1187721.6913 4753518.405 4101981.5326 1123632.111 4783129.1943 4077882.4124 1085291.7902 
4812401.9608 4053477.5527 1046875.0346 4839992.9695 4031073.8633 1005660.8562 4867226.5856 4008370.1313 964370.3379 
4894428.6783 3985615.8857 920327.11834 4921235.7781 3962549.444 876207.36891 4951509.3198 3935436.2247 826747.90514 
4981279.2456 3907928.3924 777211.95897 5004804.4868 3888939.8718 719577.23558 5027807.5018 3869543.4451 661872.39146 
5072640.707 3810526.1993 662171.86439 5097587.1627 3785993.7265 609583.74408 5122030.3824 3761085.6307 556925.55052 
5154406.5013 3715067.0671 566904.10432 5186374.7141 3668749.2206 576838.03153 5217928.9441 3622137.7881 586727.37962 
5249055.8982 3575239.9857 596572.14859 5279762.7926 3528048.9771 606365.88183 5310048.8677 3480583.7524 616108.67429 
5339908.0467 3432832.1579 625806.88763 5369340.3296 3384799.8905 635447.70357 5402748.7471 3343675.0603 566751.18703 
5435150.3127 3301932.2941 497946.33231 5482946.7237 3226003.2785 471107.47164 5487394.191 3229074.7275 392062.78391 
5491000.7794 3231642.5607 312960.77 5459274.8795 3286645.6919 294698.6184 5426975.1005 3341292.1901 276404.61101 
5457745.4216 3295190.4502 218183.64134 5487642.9605 3248572.9408 159924.45423 5510269.9728 3212966.2364 83333.018526 
5531851.7733 3176754.3193 6728.8320526 5544646.8823 3153598.4344 -69728.797305 5556549.8393 3129932.8569 -146180.05684 
5569484.715 3103743.8829 -201406.17853 5581878.3746 3077255.4359 -256619.55316 5575735.8563 3079275.4065 -348739.57171 
5568414.4363 3080638.8913 -440789.49326 5546398.9034 3110001.101 -506803.38183 5523593.7645 3138923.6913 -572747.19715 
5519509.3868 3136024.4819 -625258.88255 5515036.093 3132921.3195 -677725.94136 5482946.7237 3171389.0634 -754304.60626 
5449723.2692 3209200.5115 -830724.03967 5416843.5345 3260176.6148 -847029.93232 5383435.117 3310833.6854 -863253.02839 
5347821.9559 3356839.7155 -905620.47189 5311520.5958 3402424.9263 -947866.85389 5282878.6783 3443734.7195 -958616.45079 
5253892.2815 3484821.1899 -969302.24115 5225193.0141 3500273.3853 -1063518.6651 5195212.6787 3514858.8753 -1157467.4245 
5146524.1156 3564828.1267 -1220040.4603 5150576.9699 3532101.4516 -1295281.087 5153775.6522 3498782.2874 -1370304.9424 
5144262.022 3479181.9077 -1452892.4357 5105577.7917 3503829.0803 -1527674.263 5065931.1461 3527806.6642 -1602156.6174 
5058361.3365 3506339.5636 -1671229.0893 5050134.8512 3484413.6636 -1740084.8848 5019313.6368 3501624.3367 -1793533.3014 
4987976.2731 3518484.4537 -1846796.755 4972555.9809 3507690.515 -1907515.5083 4956638.5295 3496539.5637 -1968036.7652 
4982126.5812 3436795.3792 -2008237.73 4991920.5043 3401628.484 -2043251.9453 5001395.3948 3366251.1792 -2078138.5474 
5010552.0122 3330657.0082 -2112897.9163 5019402.89 3294846.3507 -2147523.2155 4997546.8733 3269842.9248 -2234367.3263 
4974626.6549 3244131.9301 -2320733.4577 4996202.3785 3199578.6381 -2336077.22 5017446.5361 3154828.2294 -2351255.1992 
5038365.9639 3109867.4111 -2366274.0419 5058953.8257 3064689.9165 -2381146.2815 5079204.0446 3019321.1921 -2395852.9279 
5099110.1639 2973748.7047 -2410419.238 5118685.097 2927991.2542 -2424807.2315 5137928.4639 2882030.0406 -2439042.3553 
5141974.4818 2831990.716 -2488291.5044 5145396.487 2781620.205 -2537228.4572 5148193.7199 2730905.4047 -2585853.2138 
5150366.5602 2679852.9614 -2634159.3175 5127223.3987 2679534.3086 -2678941.8193 5103768.0409 2679050.0625 -2723545.8148 
5079994.0302 2678400.0335 -2767977.7604 5055895.2899 2677571.6879 -2812237.6564 5072972.2731 2613042.5831 -2841835.5324 
5089373.5907 2548169.1889 -2871070.3189 5057080.2684 2531869.6579 -2941219.5261 5024009.8736 2515181.4008 -3010910.1237 
4977347.5478 2555726.2752 -3053679.1116 4929990.9461 2595914.5167 -3096014.5569 4897990.8299 2610232.437 -3134272.081 
4865672.061 2624378.3076 -3172319.3854 3678001.168 2309461.3498 -4656848.8476 3711167.6524 2379107.3209 -4595479.8753 
3744065.9974 2447306.8206 -4532970.741 3776129.92 2516219.9661 -4468619.9527 3807282.7005 2583234.2974 -4403918.6082 
3836944.3831 2650490.7517 -4338153.0619 3866886.3587 2716664.0142 -4270559.1545 3866886.3587 2716664.0142 -4270559.1545 
3897293.5903 2782786.1935 -4200231.0612 3926719.4166 2848220.3636 -4128839.5257 3955151.3042 2912934.2415 -4056395.942 
3982595.7098 2976909.217 -3982920.4395 4009032.8836 3040151.3668 -3908432.0083 4034451.052 3102628.7878 -3832949.2586 
4109016.2029 3065091.3659 -3783954.9558 4182644.3853 3026840.1085 -3734087.491 4255304.4555 2987881.8519 -3683353.7006 
4326995.6539 2948235.2064 -3631766.118 4397686.8367 2907906.8184 -3579337.2767 4467370.7879 2866909.4113 -3526080.0898 
4536029.2768 2825242.7952 -3472001.014 4603636.0974 2782926.34 -3417125.1161 4670191.6294 2739953.589 -3361453.1558 
4735670.4261 2696349.9888 -3305003.3634 4800059.5744 2652128.2629 -3247782.9552 4865672.061 2624378.3076 -3172319.3854 
1452108.7167 -6135203.6984 968282.76086 1442079.2221 -6131635.4699 1004928.1256 1423791.5289 -6130169.8186 1039132.9853 
1405765.1387 -6129481.6196 1067176.1468 1382328.9608 -6129577.3294 1096627.6097 1359236.7876 -6130781.6777 1118407.0964 
1339324.3065 -6131692.8198 1137147.1324 1312612.9165 -6134114.0499 1154975.9313 1289960.4576 -6136529.2032 1167516.099 
1278943.1961 -6137414.8986 1174913.9539 1257590.7004 -6141314.3134 1177558.3169 1223398.469 -6147909.5542 1179157.7531 
1199611.83 -6154147.7823 1171071.6042 1180521.3329 -6159939.7445 1160041.7143 1171804.4298 -6162928.3969 1153013.4056 
1150471.0191 -6166604.8687 1154829.4231 1116584.7173 -6173690.4323 1150267.0661 1078378.1814 -6182203.6672 1141027.6521 
1050500.708 -6187683.4331 1137325.5438 1021590.936 -6194884.0764 1124473.1798 995574.01174 -6201033.0513 1113959.4392 
995574.01174 -6201033.0513 1113959.4392 974272.40932 -6206825.0134 1100527.2143 950122.58577 -6213630.2841 1083227.2881 
932981.89098 -6219862.0555 1062320.6785 913279.62971 -6225456.9011 1046651.9966 866980.67826 -6232153.5487 1046154.9323 
841524.52987 -6234352.2155 1053763.1019 818228.49852 -6235760.1371 1063671.6299 787636.54134 -6236461.2494 1082386.1243 
763512.16444 -6237474.1781 1093696.497 742713.9405 -6236480.2394 1113373.2167 714460.51177 -6236677.7358 1130488.3699 
679637.52624 -6238308.9802 1142811.8613 647758.42416 -6239130.8692 1156670.8873 609303.40362 -6241170.0196 1166464.7155 
574098.10111 -6243349.3166 1172581.7871 532839.39108 -6245764.4699 1179157.7531 498959.45093 -6249109.7553 1176258.4487 
468341.99962 -6252709.887 1169746.2893 440885.06064 -6256322.5522 1161125.0011 410560.72059 -6260426.2998 1150133.2812 
367014.44663 -6266212.1851 1133362.1326 1245477.5237 -6202734.179 814634.72843 1234148.0659 -6205117.429 813710.76804 
1209182.6202 -6210183.212 812582.94958 1181209.5319 -6215816.0377 810639.5089 1156492.4759 -6221512.29 802597.98664 
1136197.7254 -6225889.874 797691.53005 1115820.0833 -6229910.825 795066.29947 1088745.4138 -6235537.194 788503.1518 
1071904.192 -6238003.2406 792045.98111 1071904.192 -6238003.2406 792045.98111 1059396.0224 -6238888.936 801763.27944 
1039929.5225 -6240513.7239 814405.32875 1023629.8966 -6242043.1817 823262.37828 1013243.5791 -6244566.1983 816960.53356 
1001378.8871 -6247408.2477 809874.87495 985742.01357 -6250925.5829 801948.05253 972290.70371 -6253754.719 796353.44437 
952843.38373 -6257762.7568 788356.59617 937085.44868 -6260757.4861 783475.63371 926526.98654 -6262548.2469 781742.46025 
909354.48343 -6264771.9805 784068.2179 909354.48343 -6264771.9805 784068.2179 893373.51036 -6268206.5191 774988.13036 
887409.30855 -6269448.8475 771821.25637 871396.52717 -6271450.0179 773783.82951 867420.39263 -6271443.5613 778263.34253 
858945.61261 -6272157.207 781895.37755 850974.25854 -6272017.0605 791612.67588 843620.93532 -6271277.9682 805134.10646 
826728.72519 -6272883.3861 810078.73303 813016.20734 -6274521.0872 811289.44302 805554.64089 -6275897.4853 808084.30409 
798698.38196 -6276693.9275 808683.24995 791784.72564 -6277299.33 810805.10205 784679.93456 -6277267.4267 817846.22902 
784679.93456 -6277267.4267 817846.22902 762428.9251 -6276700.3841 842716.15487 744568.22294 -6274947.9833 871046.06599 
730537.05221 -6275374.8794 879762.96902 703436.93608 -6276643.0342 892647.14134 677751.38801 -6277280.34 907786.95059 
658979.49627 -6277363.1365 920830.44934 642202.03346 -6276254.498 939940.12642 613336.8406 -6276413.6345 957877.26349 
583859.97856 -6276923.3272 972724.05642 544385.43025 -6277605.0696 990928.8581 507268.54286 -6278038.4223 1007623.4769 
481697.69463 -6278012.9757 1020176.273 448748.07653 -6276451.9944 1044351.6381 416314.60771 -6273832.8881 1072917.4055 
389169.88872 -6270704.469 1100845.8672 367014.44663 -6266212.1851 1133362.1326 1245477.5237 -6202734.179 814634.72843 
1238353.6001 -6205684.4716 803037.70101 1233612.8317 -6208513.6077 788401.17529 1235409.7642 -6209131.5436 780761.14994 
1240857.8167 -6208520.0644 776995.3301 1251683.8485 -6207098.8498 771005.63416 1258106.7547 -6207028.9664 761109.92441 
1269098.4746 -6206092.3777 750500.52148 1274017.6545 -6206372.6707 739814.68365 1281211.6513 -6206162.261 729141.56914 
1289017.4122 -6205352.9055 722323.52766 1296746.6433 -6204269.7136 717799.43553 1301729.5348 -6204728.513 704787.79256 
1304386.6212 -6205474.062 693286.33252 1309356.7894 -6205875.5114 680261.96623 1313390.2738 -6205862.978 672615.57922 
1318105.5007 -6205448.6153 667275.81739 1245477.5237 -6202734.179 814634.72843 1290164.3157 -6191048.0883 833648.79066 
1313058.8976 -6184300.1676 847750.03463 1345473.2814 -6174372.5545 868873.13068 1363525.1184 -6167522.4674 889040.55297 
1385005.1322 -6161239.8026 899267.63892 1404235.8708 -6155492.2771 908704.54931 1429417.9929 -6145475.4109 936601.20267 
1452108.7167 -6135203.6984 968282.76086 1452108.7167 -6135203.6984 968282.76086 1449120.2542 -6130845.1045 999652.1228 
1447170.4518 -6124645.2363 1039426.0966 1445774.9687 -6117642.4692 1081455.8022 1455931.8865 -6108708.7948 1117476.7744 
1469587.1494 -6100565.486 1143601.9419 1487670.7946 -6091039.3224 1170517.2849 1509068.0119 -6081698.1218 1191360.088 
1524322.6159 -6070833.92 1226584.523 1551664.8551 -6057082.8524 1259623.2993 1578089.4955 -6045524.3747 1281957.2003 
1603201.6393 -6034934.0093 1300455.1132 1636654.4935 -6022393.7466 1316716.4742 1669597.8448 -6010758.5492 1328364.4899 
1686107.5956 -6001175.0357 1350507.1612 1711098.6779 -5990074.9776 1368119.3787 1727901.6348 -5976203.1333 1406880.2338 
1750885.4699 -5961292.9137 1441066.0086 1783369.832 -5945483.7055 1466152.6108 1822908.0445 -5931382.4615 1474563.6792 
1873017.6322 -5914598.6845 1479132.3979 1933220.2363 -5893692.1699 1485083.7815 1999106.7492 -5870619.2715 1489219.2425 
2024479.9111 -5863718.291 1482152.6688 2055543.4384 -5856403.3277 1468350.8978 2055543.4384 -5856403.3277 1468350.8978 
2073531.5638 -5854077.4276 1452338.1164 2107475.3104 -5848202.6689 1427111.3677 2142266.3927 -5842448.6868 1398781.4566 
2171533.0825 -5837325.5539 1375001.1792 2198945.3949 -5834056.6084 1345154.7235 2234634.8959 -5828754.9691 1309082.7631 
2267278.5845 -5824192.802 1272998.1743 2305618.9052 -5817158.1316 1236008.71 2338173.5305 -5812423.5349 1196769.9705 
2353313.3397 -5813354.0468 1162316.5312 930496.75941 -6300486.9282 -361037.5215 963089.55467 -6295440.515 -363630.92002 
998785.51233 -6289896.9426 -363178.50606 1043166.4698 -6283888.1142 -342036.20633 1083736.9807 -6278146.6656 -320804.7009 
1128130.7564 -6271634.6011 -294156.99872 1161762.117 -6266364.8651 -275085.61032 1191608.5727 -6261669.008 -253656.58472 
1224214.0912 -6256583.8552 -222000.47319 1253181.2131 -6252805.217 -158178.5337 1278599.1915 -6249109.7553 -83288.409736 
1305246.87 -6244101.3222 -26106.085466 1325688.2236 -6239831.9814 16433.38851 1325688.2236 -6239831.9814 16433.38851 
1358115.3308 -6232529.5515 65191.934366 1398800.5416 -6223060.7378 100072.26388 1443226.1256 -6212502.6555 122597.27588 
1480827.354 -6203224.8816 142025.51088 1515299.8783 -6194253.2272 167660.05882 1543808.2008 -6186855.0875 180117.32318 
1566798.3027 -6179948.0302 215055.00855 1603201.6393 -6169121.8085 253898.70773 1626918.1101 -6161864.1951 277991.25257 
1662454.7414 -6150796.0403 310634.98861 1692779.1764 -6141161.6335 336288.68088 1718464.7244 -6132272.7757 366581.16513 
1744379.6722 -6124091.1069 380586.81799 1762756.5236 -6117833.509 396128.12416 1774143.1414 -6112602.1328 424827.60519 
1777501.34 -6110352.9525 442662.86069 1797178.0597 -6103031.5325 463613.95445 1825138.4246 -6093518.2822 479148.89896 
1845707.1065 -6086381.4454 490790.55297 1867117.0471 -6076778.9419 527212.92713 1882155.0697 -6070203.0709 548896.84653 
1896460.0768 -6063882.0462 569025.95642 1925650.2367 -6053113.1744 585280.95576 1941070.5289 -6045173.8186 615439.60771 
1945416.2096 -6040860.0411 643272.50201 1951909.284 -6035628.665 671863.66859 1967393.1928 -6027867.4357 695796.91073 
1968852.3874 -6024745.0933 718188.11417 1969495.9599 -6021616.2944 742114.99465 1951093.6618 -6022693.4094 780703.80002 
1948168.8159 -6021195.8549 799208.07463 1948379.2255 -6019258.8708 813079.91892 1916232.5063 -6025841.1984 840065.33521 
1907496.5183 -6026541.9309 854695.4518 1926943.8382 -6018468.8852 867777.21548 1942835.4632 -6012013.7908 877003.81118 
1960364.979 -6002997.3199 899286.72391 1972484.4224 -5997517.554 909265.32519 1982106.1059 -5991859.2818 925392.80641 
2006619.2089 -5981778.609 937627.04462 2031788.6077 -5971207.6135 950600.47013 2044570.8035 -5965243.2218 960534.34986 
2059978.3723 -5957310.3225 976591.85278 2080164.9746 -5949039.4006 984168.11907 2101421.8554 -5939003.5443 999390.81985 
2116854.8709 -5931178.5085 1013097.071 2143986.8903 -5916637.835 1040483.8418 2164071.3261 -5905512.3303 1061759.9975 
2181052.7894 -5894947.4115 1085317.2369 2198926.2149 -5884612.2723 1105019.4982 2219858.1762 -5873728.7006 1120847.5065 
2235380.4449 -5866254.221 1129080.1635 2251412.4062 -5857926.3289 1140326.7297 2281558.3348 -5842850.1363 1157492.8712 
2297870.5891 -5835433.0065 1162603.2808 2313533.0043 -5828519.4926 1166203.4125 2335987.9668 -5820082.9775 1163590.9528 
2353313.3397 -5813354.0468 1162316.5312 2353313.3397 -5813354.0468 1162316.5312 2399427.613 -5792409.1723 1172486.2672 
2462306.4834 -5764295.9375 1180597.7678 2505820.8303 -5745607.0797 1180138.9684 2553183.8887 -5724936.0416 1179094.0415 
2597252.7448 -5705928.5309 1174990.3888 2637632.0261 -5687723.5394 1173301.8894 2650452.5818 -5683135.9255 1166662.2119 
2699465.8746 -5661496.3953 1159525.565 2728452.0814 -5646560.729 1164495.7332 2760981.2601 -5630445.7812 1165833.8664 

METADATA
INFORMATION 2
NAME L2_NORM_RANGE LOCATION vtkDataArray
DATA 2 6.35782e+06 6.37912e+06 
NAME L2_NORM_FINITE_RANGE LOCATION vtkDataArray
DATA 2 6.35782e+06 6.37912e+06 

LINES 231 6048
OFFSETS vtktypeint64
0 0 17 45 72 92 185 201 256 
397 407 421 429 442 447 516 608 781 
826 866 976 1049 1075 1137 1305 1350 1361 
1400 1431 1451 1455 1460 1467 1482 1532 1566 
1605 1611 1613 1621 1634 1647 1651 1653 1657 
1677 1688 1790 1888 1941 1950 1961 1985 2020 
2052 2097 2125 2170 2197 2402 2674 2711 2755 
2808 2841 2901 2930 2953 3020 3043 3121 3161 
3174 3196 3213 3230 3247 3256 3265 3276 3303 
3322 3327 3337 3368 3405 3432 3449 3457 3467 
3477 3483 3493 3495 3511 3526 3538 3551 3565 
3590 3604 3625 3648 3690 3779 3806 3820 3823 
3845 3854 3858 3878 3931 3973 3981 4018 4028 
4046 4051 4053 4060 4071 4084 4107 4113 4115 
4118 4128 4147 4151 4155 4162 4170 4176 4181 
4183 4192 4195 4202 4224 4237 4244 4255 4258 
4269 4295 4308 4317 4320 4328 4393 4442 4476 
4530 4540 4547 4581 4591 4596 4607 4627 4657 
4675 4704 4713 4715 4746 4753 4778 4796 4819 
4833 4840 4895 4943 4946 4972 4998 5004 5032 
5042 5067 5074 5101 5107 5124 5131 5133 5138 
5149 5177 5214 5234 5241 5257 5281 5304 5328 
5333 5340 5346 5357 5404 5438 5441 5452 5457 
5472 5487 5501 5609 5631 5648 5668 5683 5782 
5789 5808 5829 5851 5860 5872 5886 5903 5920 
5929 5954 5965 5978 6037 6048 
CONNECTIVITY vtktypeint64
0 1 2 3 4 5 6 7 8 
9 10 11 12 13 14 15 16 17 
18 19 20 21 22 23 24 25 26 
27 28 29 30 31 32 33 34 35 
36 37 38 39 40 41 42 43 44 
45 46 47 48 49 50 51 52 53 
54 55 56 57 58 59 60 61 62 
63 64 65 66 67 68 69 70 71 
72 73 74 75 76 77 78 79 80 
81 82 83 84 85 86 87 88 89 
90 91 92 93 94 95 96 97 98 
99 100 101 102 103 104 105 106 107 
108 109 110 111 112 113 114 115 116 
117 118 119 120 121 122 123 124 125 
126 127 128 129 130 131 132 133 134 
135 136 137 138 139 140 141 142 143 
144 145 146 147 148 149 150 151 152 
153 154 155 156 157 158 159 160 161 
162 163 164 165 166 167 168 169 170 
171 172 173 174 175 176 177 178 179 
180 181 182 183 184 185 186 187 188 
189 190 191 192 193 194 195 196 197 
198 199 200 201 202 203 204 205 206 
207 208 209 210 211 212 213 214 215 
216 217 218 219 220 221 222 223 224 
225 226 227 228 229 230 231 232 233 
234 235 236 237 238 239 240 241 242 
243 244 245 246 247 248 249 250 251 
252 253 254 255 256 257 258 259 260 
261 262 263 264 265 266 267 268 269 
270 271 272 273 274 275 276 277 278 
279 280 281 282 283 284 285 286 287 
288 289 290 291 292 293 294 295 296 
297 298 299 300 301 302 303 304 305 
306 307 308 309 310 311 312 313 314 
315 316 317 318 319 320 321 322 323 
324 325 326 327 328 329 330 331 332 
333 334 335 336 337 338 339 340 341 
342 343 344 345 346 347 348 349 350 
351 352 353 354 355 356 357 358 359 
360 361 362 363 364 365 366 367 368 
369 370 371 372 373 374 375 376 377 
378 379 380 381 382 383 384 385 386 
387 388 389 390 391 392 393 394 395 
396 397 398 399 400 401 402 403 404 
405 406 407 408 409 410 411 412 413 
414 415 416 417 418 419 420 421 422 
423 424 425 426 427 428 429 430 431 
432 433 434 435 436 437 438 439 440 
441 442 443 444 445 446 447 448 449 
450 451 452 453 454 455 456 457 458 
459 460 461 462 463 464 465 466 467 
468 469 470 471 472 473 474 475 476 
477 478 479 480 481 482 483 484 485 
486 487 488 489 490 491 492 493 494 
495 496 497 498 499 500 501 502 503 
504 505 506 507 508 509 510 511 512 
513 514 515 516 517 518 519 520 521 
522 523 524 525 526 527 528 529 530 
531 532 533 534 535 536 537 538 539 
540 541 542 543 544 545 546 547 548 
549 550 551 552 553 554 555 556 557 
558 559 560 561 562 563 564 565 566 
567 568 569 570 571 572 573 574 575 
576 577 578 579 580 581 582 583 584 
585 586 587 588 589 590 591 592 593 
594 595 596 597 598 599 600 601 602 
603 604 605 606 607 608 609 610 611 
612 613 614 615 616 617 618 619 620 
621 622 623 624 625 626 627 628 629 
630 631 632 633 634 635 636 637 638 
639 640 641 642 643 644 645 646 647 
648 649 650 651 652 653 654 655 656 
657 658 659 660 661 662 663 664 665 
666 667 668 669 670 671 672 673 674 
675 676 677 678 679 680 681 682 683 
684 685 686 687 688 689 690 691 692 
693 694 695 696 697 698 699 700 701 
702 703 704 705 706 707 708 709 710 
711 712 713 714 715 716 717 718 719 
720 721 722 723 724 725 726 727 728 
729 730 731 732 733 734 735 736 737 
738 739 740 741 742 743 744 745 746 
747 748 749 750 751 752 753 754 755 
756 757 758 759 760 761 762 763 764 
765 766 767 768 769 770 771 772 773 
774 775 776 777 778 779 780 781 782 
783 784 785 786 787 788 789 790 791 
792 793 794 795 796 797 798 799 800 
801 802 803 804 805 806 807 808 809 
810 811 812 813 814 815 816 817 818 
819 820 821 822 823 824 825 826 827 
828 829 830 831 832 833 834 835 836 
837 838 839 840 841 842 843 844 845 
846 847 848 849 850 851 852 853 854 
855 856 857 858 859 860 861 862 863 
864 865 866 867 868 869 870 871 872 
873 874 875 876 877 878 879 880 881 
882 883 884 885 886 887 888 889 890 
891 892 893 894 895 896 897 898 899 
900 901 902 903 904 905 906 907 908 
909 910 911 912 913 914 915 916 917 
918 919 920 921 922 923 924 925 926 
927 928 929 930 931 932 933 934 935 
936 937 938 939 940 941 942 943 944 
945 946 947 948 949 950 951 952 953 
954 955 956 957 958 959 960 961 962 
963 964 965 966 967 968 969 970 971 
972 973 974 975 976 977 978 979 980 
981 982 983 984 985 986 987 988 989 
990 991 992 993 994 995 996 997 998 
999 1000 1001 1002 1003 1004 1005 1006 1007 
1008 1009 1010 1011 1012 1013 1014 1015 1016 
1017 1018 1019 1020 1021 1022 1023 1024 1025 
1026 1027 1028 1029 1030 1031 1032 1033 1034 
1035 1036 1037 1038 1039 1040 1041 1042 1043 
1044 1045 1046 1047 1048 1049 1050 1051 1052 
1053 1054 1055 1056 1057 1058 1059 1060 1061 
1062 1063 1064 1065 1066 1067 1068 1069 1070 
1071 1072 1073 1074 1075 1076 1077 1078 1079 
1080 1081 1082 1083 1084 1085 1086 1087 1088 
1089 1090 1091 1092 1093 1094 1095 1096 1097 
1098 1099 1100 1101 1102 1103 1104 1105 1106 
1107 1108 1109 1110 1111 1112 1113 1114 1115 
1116 1117 1118 1119 1120 1121 1122 1123 1124 
1125 1126 1127 1128 1129 1130 1131 1132 1133 
1134 1135 1136 1137 1138 1139 1140 1141 1142 
1143 1144 1145 1146 1147 1148 1149 1150 1151 
1152 1153 1154 1155 1156 1157 1158 1159 1160 
1161 1162 1163 1164 1165 1166 1167 1168 1169 
1170 1171 1172 1173 1174 1175 1176 1177 1178 
1179 1180 1181 1182 1183 1184 1185 1186 1187 
1188 1189 1190 1191 1192 1193 1194 1195 1196 
1197 1198 1199 1200 1201 1202 1203 1204 1205 
1206 1207 1208 1209 1210 1211 1212 1213 1214 
1215 1216 1217 1218 1219 1220 1221 1222 1223 
1224 1225 1226 1227 1228 1229 1230 1231 1232 
1233 1234 1235 1236 1237 1238 1239 1240 1241 
1242 1243 1244 1245 1246 1247 1248 1249 1250 
1251 1252 1253 1254 1255 1256 1257 1258 1259 
1260 1261 1262 1263 1264 1265 1266 1267 1268 
1269 1270 1271 1272 1273 1274 1275 1276 1277 
1278 1279 1280 1281 1282 1283 1284 1285 1286 
1287 1288 1289 1290 1291 1292 1293 1294 1295 
1296 1297 1298 1299 1300 1301 1302 1303 1304 
1305 1306 1307 1308 1309 1310 1311 1312 1313 
1314 1315 1316 1317 1318 1319 1320 1321 1322 
1323 1324 1325 1326 1327 1328 1329 1330 1331 
1332 1333 1334 1335 1336 1337 1338 1339 1340 
1341 1342 1343 1344 1345 1346 1347 1348 1349 
1350 1351 1352 1353 1354 1355 1356 1357 1358 
1359 1360 1361 1362 1363 1364 1365 1366 1367 
1368 1369 1370 1371 1372 1373 1374 1375 1376 
1377 1378 1379 1380 1381 1382 1383 1384 1385 
1386 1387 1388 1389 1390 1391 1392 1393 1394 
1395 1396 1397 1398 1399 1400 1401 1402 1403 
1404 1405 1406 1407 1408 1409 1410 1411 1412 
1413 1414 1415 1416 1417 1418 1419 1420 1421 
1422 1423 1424 1425 1426 1427 1428 1429 1430 
1431 1432 1433 1434 1435 1436 1437 1438 1439 
1440 1441 1442 1443 1444 1445 1446 1447 1448 
1449 1450 1451 1452 1453 1454 1455 1456 1457 
1458 1459 1460 1461 1462 1463 1464 1465 1466 
1467 1468 1469 1470 1471 1472 1473 1474 1475 
1476 1477 1478 1479 1480 1481 1482 1483 1484 
1485 1486 1487 1488 1489 1490 1491 1492 1493 
1494 1495 1496 1497 1498 1499 1500 1501 1502 
1503 1504 1505 1506 1507 1508 1509 1510 1511 
1512 1513 1514 1515 1516 1517 1518 1519 1520 
1521 1522 1523 1524 1525 1526 1527 1528 1529 
1530 1531 1532 1533 1534 1535 1536 1537 1538 
1539 1540 1541 1542 1543 1544 1545 1546 1547 
1548 1549 1550 1551 1552 1553 1554 1555 1556 
1557 1558 1559 1560 1561 1562 1563 1564 1565 
1566 1567 1568 1569 1570 1571 1572 1573 1574 
1575 1576 1577 1578 1579 1580 1581 1582 1583 
1584 1585 1586 1587 1588 1589 1590 1591 1592 
1593 1594 1595 1596 1597 1598 1599 1600 1601 
1602 1603 1604 1605 1606 1607 1608 1609 1610 
1611 1612 1613 1614 1615 1616 1617 1618 1619 
1620 1621 1622 1623 1624 1625 1626 1627 1628 
1629 1630 1631 1632 1633 1634 1635 1636 1637 
1638 1639 1640 1641 1642 1643 1644 1645 1646 
1647 1648 1649 1650 1651 1652 1653 1654 1655 
1656 1657 1658 1659 1660 1661 1662 1663 1664 
1665 1666 1667 1668 1669 1670 1671 1672 1673 
1674 1675 1676 1677 1678 1679 1680 1681 1682 
1683 1684 1685 1686 1687 1688 1689 1690 1691 
1692 1693 1694 1695 1696 1697 1698 1699 1700 
1701 1702 1703 1704 1705 1706 1707 1708 1709 
1710 1711 1712 1713 1714 1715 1716 1717 1718 
1719 1720 1721 1722 1723 1724 1725 1726 1727 
1728 1729 1730 1731 1732 1733 1734 1735 1736 
1737 1738 1739 1740 1741 1742 1743 1744 1745 
1746 1747 1748 1749 1750 1751 1752 1753 1754 
1755 1756 1757 1758 1759 1760 1761 1762 1763 
1764 1765 1766 1767 1768 1769 1770 1771 1772 
1773 1774 1775 1776 1777 1778 1779 1780 1781 
1782 1783 1784 1785 1786 1787 1788 1789 1790 
1791 1792 1793 1794 1795 1796 1797 1798 1799 
1800 1801 1802 1803 1804 1805 1806 1807 1808 
1809 1810 1811 1812 1813 1814 1815 1816 1817 
1818 1819 1820 1821 1822 1823 1824 1825 1826 
1827 1828 1829 1830 1831 1832 1833 1834 1835 
1836 1837 1838 1839 1840 1841 1842 1843 1844 
1845 1846 1847 1848 1849 1850 1851 1852 1853 
1854 1855 1856 1857 1858 1859 1860 1861 1862 
1863 1864 1865 1866 1867 1868 1869 1870 1871 
1872 1873 1874 1875 1876 1877 1878 1879 1880 
1881 1882 1883 1884 1885 1886 1887 1888 1889 
1890 1891 1892 1893 1894 1895 1896 1897 1898 
1899 1900 1901 1902 1903 1904 1905 1906 1907 
1908 1909 1910 1911 1912 1913 1914 1915 1916 
1917 1918 1919 1920 1921 1922 1923 1924 1925 
1926 1927 1928 1929 1930 1931 1932 1933 1934 
1935 1936 1937 1938 1939 1940 1941 1942 1943 
1944 1945 1946 1947 1948 1949 1950 1951 1952 
1953 1954 1955 1956 1957 1958 1959 1960 1961 
1962 1963 1964 1965 1966 1967 1968 1969 1970 
1971 1972 1973 1974 1975 1976 1977 1978 1979 
1980 1981 1982 1983 1984 1985 1986 1987 1988 
1989 1990 1991 1992 1993 1994 1995 1996 1997 
1998 1999 2000 2001 2002 2003 2004 2005 2006 
2007 2008 2009 2010 2011 2012 2013 2014 2015 
2016 2017 2018 2019 2020 2021 2022 2023 2024 
2025 2026 2027 2028 2029 2030 2031 2032 2033 
2034 2035 2036 2037 2038 2039 2040 2041 2042 
2043 2044 2045 2046 2047 2048 2049 2050 2051 
2052 2053 2054 2055 2056 2057 2058 2059 2060 
2061 2062 2063 2064 2065 2066 2067 2068 2069 
2070 2071 2072 2073 2074 2075 2076 2077 2078 
2079 2080 2081 2082 2083 2084 2085 2086 2087 
2088 2089 2090 2091 2092 2093 2094 2095 2096 
2097 2098 2099 2100 2101 2102 2103 2104 2105 
2106 2107 2108 2109 2110 2111 2112 2113 2114 
2115 2116 2117 2118 2119 2120 2121 2122 2123 
2124 2125 2126 2127 2128 2129 2130 2131 2132 
2133 2134 2135 2136 2137 2138 2139 2140 2141 
2142 2143 2144 2145 2146 2147 2148 2149 2150 
2151 2152 2153 2154 2155 2156 2157 2158 2159 
2160 2161 2162 2163 2164 2165 2166 2167 2168 
2169 2170 2171 2172 2173 2174 2175 2176 2177 
2178 2179 2180 2181 2182 2183 2184 2185 2186 
2187 2188 2189 2190 2191 2192 2193 2194 2195 
2196 2197 2198 2199 2200 2201 2202 2203 2204 
2205 2206 2207 2208 2209 2210 2211 2212 2213 
2214 2215 2216 2217 2218 2219 2220 2221 2222 
2223 2224 2225 2226 2227 2228 2229 2230 2231 
2232 2233 2234 2235 2236 2237 2238 2239 2240 
2241 2242 2243 2244 2245 2246 2247 2248 2249 
2250 2251 2252 2253 2254 2255 2256 2257 2258 
2259 2260 2261 2262 2263 2264 2265 2266 2267 
2268 2269 2270 2271 2272 2273 2274 2275 2276 
2277 2278 2279 2280 2281 2282 2283 2284 2285 
2286 2287 2288 2289 2290 2291 2292 2293 2294 
2295 2296 2297 2298 2299 2300 2301 2302 2303 
2304 2305 2306 2307 2308 2309 2310 2311 2312 
2313 2314 2315 2316 2317 2318 2319 2320 2321 
2322 2323 2324 2325 2326 2327 2328 2329 2330 
2331 2332 2333 2334 2335 2336 2337 2338 2339 
2340 2341 2342 2343 2344 2345 2346 2347 2348 
2349 2350 2351 2352 2353 2354 2355 2356 2357 
2358 2359 2360 2361 2362 2363 2364 2365 2366 
2367 2368 2369 2370 2371 2372 2373 2374 2375 
2376 2377 2378 2379 2380 2381 2382 2383 2384 
2385 2386 2387 2388 2389 2390 2391 2392 2393 
2394 2395 2396 2397 2398 2399 2400 2401 2402 
2403 2404 2405 2406 2407 2408 2409 2410 2411 
2412 2413 2414 2415 2416 2417 2418 2419 2420 
2421 2422 2423 2424 2425 2426 2427 2428 2429 
2430 2431 2432 2433 2434 2435 2436 2437 2438 
2439 2440 2441 2442 2443 2444 2445 2446 2447 
2448 2449 2450 2451 2452 2453 2454 2455 2456 
2457 2458 2459 2460 2461 2462 2463 2464 2465 
2466 2467 2468 2469 2470 2471 2472 2473 2474 
2475 2476 2477 2478 2479 2480 2481 2482 2483 
2484 2485 2486 2487 2488 2489 2490 2491 2492 
2493 2494 2495 2496 2497 2498 2499 2500 2501 
2502 2503 2504 2505 2506 2507 2508 2509 2510 
2511 2512 2513 2514 2515 2516 2517 2518 2519 
2520 2521 2522 2523 2524 2525 2526 2527 2528 
2529 2530 2531 2532 2533 2534 2535 2536 2537 
2538 2539 2540 2541 2542 2543 2544 2545 2546 
2547 2548 2549 2550 2551 2552 2553 2554 2555 
2556 2557 2558 2559 2560 2561 2562 2563 2564 
2565 2566 2567 2568 2569 2570 2571 2572 2573 
2574 2575 2576 2577 2578 2579 2580 2581 2582 
2583 2584 2585 2586 2587 2588 2589 2590 2591 
2592 2593 2594 2595 2596 2597 2598 2599 2600 
2601 2602 2603 2604 2605 2606 2607 2608 2609 
2610 2611 2612 2613 2614 2615 2616 2617 2618 
2619 2620 2621 2622 2623 2624 2625 2626 2627 
2628 2629 2630 2631 2632 2633 2634 2635 2636 
2637 2638 2639 2640 2641 2642 2643 2644 2645 
2646 2647 2648 2649 2650 2651 2652 2653 2654 
2655 2656 2657 2658 2659 2660 2661 2662 2663 
2664 2665 2666 2667 2668 2669 2670 2671 2672 
2673 2674 2675 2676 2677 2678 2679 2680 2681 
2682 2683 2684 2685 2686 2687 2688 2689 2690 
2691 2692 2693 2694 2695 2696 2697 2698 2699 
2700 2701 2702 2703 2704 2705 2706 2707 2708 
2709 2710 2711 2712 2713 2714 2715 2716 2717 
2718 2719 2720 2721 2722 2723 2724 2725 2726 
2727 2728 2729 2730 2731 2732 2733 2734 2735 
2736 2737 2738 2739 2740 2741 2742 2743 2744 
2745 2746 2747 2748 2749 2750 2751 2752 2753 
2754 2755 2756 2757 2758 2759 2760 2761 2762 
2763 2764 2765 2766 2767 2768 2769 2770 2771 
2772 2773 2774 2775 2776 2777 2778 2779 2780 
2781 2782 2783 2784 2785 2786 2787 2788 2789 
2790 2791 2792 2793 2794 2795 2796 2797 2798 
2799 2800 2801 2802 2803 2804 2805 2806 2807 
2808 2809 2810 2811 2812 2813 2814 2815 2816 
2817 2818 2819 2820 2821 2822 2823 2824 2825 
2826 2827 2828 2829 2830 2831 2832 2833 2834 
2835 2836 2837 2838 2839 2840 2841 2842 2843 
2844 2845 2846 2847 2848 2849 2850 2851 2852 
2853 2854 2855 2856 2857 2858 2859 2860 2861 
2862 2863 2864 2865 2866 2867 2868 2869 2870 
2871 2872 2873 2874 2875 2876 2877 2878 2879 
2880 2881 2882 2883 2884 2885 2886 2887 2888 
2889 2890 2891 2892 2893 2894 2895 2896 2897 
2898 2899 2900 2901 2902 2903 2904 2905 2906 
2907 2908 2909 2910 2911 2912 2913 2914 2915 
2916 2917 2918 2919 2920 2921 2922 2923 2924 
2925 2926 2927 2928 2929 2930 2931 2932 2933 
2934 2935 2936 2937 2938 2939 2940 2941 2942 
2943 2944 2945 2946 2947 2948 2949 2950 2951 
2952 2953 2954 2955 2956 2957 2958 2959 2960 
2961 2962 2963 2964 2965 2966 2967 2968 2969 
2970 2971 2972 2973 2974 2975 2976 2977 2978 
2979 2980 2981 2982 2983 2984 2985 2986 2987 
2988 2989 2990 2991 2992 2993 2994 2995 2996 
2997 2998 2999 3000 3001 3002 3003 3004 3005 
3006 3007 3008 3009 3010 3011 3012 3013 3014 
3015 3016 3017 3018 3019 3020 3021 3022 3023 
3024 3025 3026 3027 3028 3029 3030 3031 3032 
3033 3034 3035 3036 3037 3038 3039 3040 3041 
3042 3043 3044 3045 3046 3047 3048 3049 3050 
3051 3052 3053 3054 3055 3056 3057 3058 3059 
3060 3061 3062 3063 3064 3065 3066 3067 3068 
3069 3070 3071 3072 3073 3074 3075 3076 3077 
3078 3079 3080 3081 3082 3083 3084 3085 3086 
3087 3088 3089 3090 3091 3092 3093 3094 3095 
3096 3097 3098 3099 3100 3101 3102 3103 3104 
3105 3106 3107 3108 3109 3110 3111 3112 3113 
3114 3115 3116 3117 3118 3119 3120 3121 3122 
3123 3124 3125 3126 3127 3128 3129 3130 3131 
3132 3133 3134 3135 3136 3137 3138 3139 3140 
3141 3142 3143 3144 3145 3146 3147 3148 3149 
3150 3151 3152 3153 3154 3155 3156 3157 3158 
3159 3160 3161 3162 3163 3164 3165 3166 3167 
3168 3169 3170 3171 3172 3173 3174 3175 3176 
3177 3178 3179 3180 3181 3182 3183 3184 3185 
3186 3187 3188 3189 3190 3191 3192 3193 3194 
3195 3196 3197 3198 3199 3200 3201 3202 3203 
3204 3205 3206 3207 3208 3209 3210 3211 3212 
3213 3214 3215 3216 3217 3218 3219 3220 3221 
3222 3223 3224 3225 3226 3227 3228 3229 3230 
3231 3232 3233 3234 3235 3236 3237 3238 3239 
3240 3241 3242 3243 3244 3245 3246 3247 3248 
3249 3250 3251 3252 3253 3254 3255 3256 3257 
3258 3259 3260 3261 3262 3263 3264 3265 3266 
3267 3268 3269 3270 3271 3272 3273 3274 3275 
3276 3277 3278 3279 3280 3281 3282 3283 3284 
3285 3286 3287 3288 3289 3290 3291 3292 3293 
3294 3295 3296 3297 3298 3299 3300 3301 3302 
3303 3304 3305 3306 3307 3308 3309 3310 3311 
3312 3313 3314 3315 3316 3317 3318 3319 3320 
3321 3322 3323 3324 3325 3326 3327 3328 3329 
3330 3331 3332 3333 3334 3335 3336 3337 3338 
3339 3340 3341 3342 3343 3344 3345 3346 3347 
3348 3349 3350 3351 3352 3353 3354 3355 3356 
3357 3358 3359 3360 3361 3362 3363 3364 3365 
3366 3367 3368 3369 3370 3371 3372 3373 3374 
3375 3376 3377 3378 3379 3380 3381 3382 3383 
3384 3385 3386 3387 3388 3389 3390 3391 3392 
3393 3394 3395 3396 3397 3398 3399 3400 3401 
3402 3403 3404 3405 3406 3407 3408 3409 3410 
3411 3412 3413 3414 3415 3416 3417 3418 3419 
3420 3421 3422 3423 3424 3425 3426 3427 3428 
3429 3430 3431 3432 3433 3434 3435 3436 3437 
3438 3439 3440 3441 3442 3443 3444 3445 3446 
3447 3448 3449 3450 3451 3452 3453 3454 3455 
3456 3457 3458 3459 3460 3461 3462 3463 3464 
3465 3466 3467 3468 3469 3470 3471 3472 3473 
3474 3475 3476 3477 3478 3479 3480 3481 3482 
3483 3484 3485 3486 3487 3488 3489 3490 3491 
3492 3493 3494 3495 3496 3497 3498 3499 3500 
3501 3502 3503 3504 3505 3506 3507 3508 3509 
3510 3511 3512 3513 3514 3515 3516 3517 3518 
3519 3520 3521 3522 3523 3524 3525 3526 3527 
3528 3529 3530 3531 3532 3533 3534 3535 3536 
3537 3538 3539 3540 3541 3542 3543 3544 3545 
3546 3547 3548 3549 3550 3551 3552 3553 3554 
3555 3556 3557 3558 3559 3560 3561 3562 3563 
3564 3565 3566 3567 3568 3569 3570 3571 3572 
3573 3574 3575 3576 3577 3578 3579 3580 3581 
3582 3583 3584 3585 3586 3587 3588 3589 3590 
3591 3592 3593 3594 3595 3596 3597 3598 3599 
3600 3601 3602 3603 3604 3605 3606 3607 3608 
3609 3610 3611 3612 3613 3614 3615 3616 3617 
3618 3619 3620 3621 3622 3623 3624 3625 3626 
3627 3628 3629 3630 3631 3632 3633 3634 3635 
3636 3637 3638 3639 3640 3641 3642 3643 3644 
3645 3646 3647 3648 3649 3650 3651 3652 3653 
3654 3655 3656 3657 3658 3659 3660 3661 3662 
3663 3664 3665 3666 3667 3668 3669 3670 3671 
3672 3673 3674 3675 3676 3677 3678 3679 3680 
3681 3682 3683 3684 3685 3686 3687 3688 3689 
3690 3691 3692 3693 3694 3695 3696 3697 3698 
3699 3700 3701 3702 3703 3704 3705 3706 3707 
3708 3709 3710 3711 3712 3713 3714 3715 3716 
3717 3718 3719 3720 3721 3722 3723 3724 3725 
3726 3727 3728 3729 3730 3731 3732 3733 3734 
3735 3736 3737 3738 3739 3740 3741 3742 3743 
3744 3745 3746 3747 3748 3749 3750 3751 3752 
3753 3754 3755 3756 3757 3758 3759 3760 3761 
3762 3763 3764 3765 3766 3767 3768 3769 3770 
3771 3772 3773 3774 3775 3776 3777 3778 3779 
3780 3781 3782 3783 3784 3785 3786 3787 3788 
3789 3790 3791 3792 3793 3794 3795 3796 3797 
3798 3799 3800 3801 3802 3803 3804 3805 3806 
3807 3808 3809 3810 3811 3812 3813 3814 3815 
3816 3817 3818 3819 3820 3821 3822 3823 3824 
3825 3826 3827 3828 3829 3830 3831 3832 3833 
3834 3835 3836 3837 3838 3839 3840 3841 3842 
3843 3844 3845 3846 3847 3848 3849 3850 3851 
3852 3853 3854 3855 3856 3857 3858 3859 3860 
3861 3862 3863 3864 3865 3866 3867 3868 3869 
3870 3871 3872 3873 3874 3875 3876 3877 3878 
3879 3880 3881 3882 3883 3884 3885 3886 3887 
3888 3889 3890 3891 3892 3893 3894 3895 3896 
3897 3898 3899 3900 3901 3902 3903 3904 3905 
3906 3907 3908 3909 3910 3911 3912 3913 3914 
3915 3916 3917 3918 3919 3920 3921 3922 3923 
3924 3925 3926 3927 3928 3929 3930 3931 3932 
3933 3934 3935 3936 3937 3938 3939 3940 3941 
3942 3943 3944 3945 3946 3947 3948 3949 3950 
3951 3952 3953 3954 3955 3956 3957 3958 3959 
3960 3961 3962 3963 3964 3965 3966 3967 3968 
3969 3970 3971 3972 3973 3974 3975 3976 3977 
3978 3979 3980 3981 3982 3983 3984 3985 3986 
3987 3988 3989 3990 3991 3992 3993 3994 3995 
3996 3997 3998 3999 4000 4001 4002 4003 4004 
4005 4006 4007 4008 4009 4010 4011 4012 4013 
4014 4015 4016 4017 4018 4019 4020 4021 4022 
4023 4024 4025 4026 4027 4028 4029 4030 4031 
4032 4033 4034 4035 4036 4037 4038 4039 4040 
4041 4042 4043 4044 4045 4046 4047 4048 4049 
4050 4051 4052 4053 4054 4055 4056 4057 4058 
4059 4060 4061 4062 4063 4064 4065 4066 4067 
4068 4069 4070 4071 4072 4073 4074 4075 4076 
4077 4078 4079 4080 4081 4082 4083 4084 4085 
4086 4087 4088 4089 4090 4091 4092 4093 4094 
4095 4096 4097 4098 4099 4100 4101 4102 4103 
4104 4105 4106 4107 4108 4109 4110 4111 4112 
4113 4114 4115 4116 4117 4118 4119 4120 4121 
4122 4123 4124 4125 4126 4127 4128 4129 4130 
4131 4132 4133 4134 4135 4136 4137 4138 4139 
4140 4141 4142 4143 4144 4145 4146 4147 4148 
4149 4150 4151 4152 4153 4154 4155 4156 4157 
4158 4159 4160 4161 4162 4163 4164 4165 4166 
4167 4168 4169 4170 4171 4172 4173 4174 4175 
4176 4177 4178 4179 4180 4181 4182 4183 4184 
4185 4186 4187 4188 4189 4190 4191 4192 4193 
4194 4195 4196 4197 4198 4199 4200 4201 4202 
4203 4204 4205 4206 4207 4208 4209 4210 4211 
4212 4213 4214 4215 4216 4217 4218 4219 4220 
4221 4222 4223 4224 4225 4226 4227 4228 4229 
4230 4231 4232 4233 4234 4235 4236 4237 4238 
4239 4240 4241 4242 4243 4244 4245 4246 4247 
4248 4249 4250 4251 4252 4253 4254 4255 4256 
4257 4258 4259 4260 4261 4262 4263 4264 4265 
4266 4267 4268 4269 4270 4271 4272 4273 4274 
4275 4276 4277 4278 4279 4280 4281 4282 4283 
4284 4285 4286 4287 4288 4289 4290 4291 4292 
4293 4294 4295 4296 4297 4298 4299 4300 4301 
4302 4303 4304 4305 4306 4307 4308 4309 4310 
4311 4312 4313 4314 4315 4316 4317 4318 4319 
4320 4321 4322 4323 4324 4325 4326 4327 4328 
4329 4330 4331 4332 4333 4334 4335 4336 4337 
4338 4339 4340 4341 4342 4343 4344 4345 4346 
4347 4348 4349 4350 4351 4352 4353 4354 4355 
4356 4357 4358 4359 4360 4361 4362 4363 4364 
4365 4366 4367 4368 4369 4370 4371 4372 4373 
4374 4375 4376 4377 4378 4379 4380 4381 4382 
4383 4384 4385 4386 4387 4388 4389 4390 4391 
4392 4393 4394 4395 4396 4397 4398 4399 4400 
4401 4402 4403 4404 4405 4406 4407 4408 4409 
4410 4411 4412 4413 4414 4415 4416 4417 4418 
4419 4420 4421 4422 4423 4424 4425 4426 4427 
4428 4429 4430 4431 4432 4433 4434 4435 4436 
4437 4438 4439 4440 4441 4442 4443 4444 4445 
4446 4447 4448 4449 4450 4451 4452 4453 4454 
4455 4456 4457 4458 4459 4460 4461 4462 4463 
4464 4465 4466 4467 4468 4469 4470 4471 4472 
4473 4474 4475 4476 4477 4478 4479 4480 4481 
4482 4483 4484 4485 4486 4487 4488 4489 4490 
4491 4492 4493 4494 4495 4496 4497 4498 4499 
4500 4501 4502 4503 4504 4505 4506 4507 4508 
4509 4510 4511 4512 4513 4514 4515 4516 4517 
4518 4519 4520 4521 4522 4523 4524 4525 4526 
4527 4528 4529 4530 4531 4532 4533 4534 4535 
4536 4537 4538 4539 4540 4541 4542 4543 4544 
4545 4546 4547 4548 4549 4550 4551 4552 4553 
4554 4555 4556 4557 4558 4559 4560 4561 4562 
4563 4564 4565 4566 4567 4568 4569 4570 4571 
4572 4573 4574 4575 4576 4577 4578 4579 4580 
4581 4582 4583 4584 4585 4586 4587 4588 4589 
4590 4591 4592 4593 4594 4595 4596 4597 4598 
4599 4600 4601 4602 4603 4604 4605 4606 4607 
4608 4609 4610 4611 4612 4613 4614 4615 4616 
4617 4618 4619 4620 4621 4622 4623 4624 4625 
4626 4627 4628 4629 4630 4631 4632 4633 4634 
4635 4636 4637 4638 4639 4640 4641 4642 4643 
4644 4645 4646 4647 4648 4649 4650 4651 4652 
4653 4654 4655 4656 4657 4658 4659 4660 4661 
4662 4663 4664 4665 4666 4667 4668 4669 4670 
4671 4672 4673 4674 4675 4676 4677 4678 4679 
4680 4681 4682 4683 4684 4685 4686 4687 4688 
4689 4690 4691 4692 4693 4694 4695 4696 4697 
4698 4699 4700 4701 4702 4703 4704 4705 4706 
4707 4708 4709 4710 4711 4712 4713 4714 4715 
4716 4717 4718 4719 4720 4721 4722 4723 4724 
4725 4726 4727 4728 4729 4730 4731 4732 4733 
4734 4735 4736 4737 4738 4739 4740 4741 4742 
4743 4744 4745 4746 4747 4748 4749 4750 4751 
4752 4753 4754 4755 4756 4757 4758 4759 4760 
4761 4762 4763 4764 4765 4766 4767 4768 4769 
4770 4771 4772 4773 4774 4775 4776 4777 4778 
4779 4780 4781 4782 4783 4784 4785 4786 4787 
4788 4789 4790 4791 4792 4793 4794 4795 4796 
4797 4798 4799 4800 4801 4802 4803 4804 4805 
4806 4807 4808 4809 4810 4811 4812 4813 4814 
4815 4816 4817 4818 4819 4820 4821 4822 4823 
4824 4825 4826 4827 4828 4829 4830 4831 4832 
4833 4834 4835 4836 4837 4838 4839 4840 4841 
4842 4843 4844 4845 4846 4847 4848 4849 4850 
4851 4852 4853 4854 4855 4856 4857 4858 4859 
4860 4861 4862 4863 4864 4865 4866 4867 4868 
4869 4870 4871 4872 4873 4874 4875 4876 4877 
4878 4879 4880 4881 4882 4883 4884 4885 4886 
4887 4888 4889 4890 4891 4892 4893 4894 4895 
4896 4897 4898 4899 4900 4901 4902 4903 4904 
4905 4906 4907 4908 4909 4910 4911 4912 4913 
4914 4915 4916 4917 4918 4919 4920 4921 4922 
4923 4924 4925 4926 4927 4928 4929 4930 4931 
4932 4933 4934 4935 4936 4937 4938 4939 4940 
4941 4942 4943 4944 4945 4946 4947 4948 4949 
4950 4951 4952 4953 4954 4955 4956 4957 4958 
4959 4960 4961 4962 4963 4964 4965 4966 4967 
4968 4969 4970 4971 4972 4973 4974 4975 4976 
4977 4978 4979 4980 4981 4982 4983 4984 4985 
4986 4987 4988 4989 4990 4991 4992 4993 4994 
4995 4996 4997 4998 4999 5000 5001 5002 5003 
5004 5005 5006 5007 5008 5009 5010 5011 5012 
5013 5014 5015 5016 5017 5018 5019 5020 5021 
5022 5023 5024 5025 5026 5027 5028 5029 5030 
5031 5032 5033 5034 5035 5036 5037 5038 5039 
5040 5041 5042 5043 5044 5045 5046 5047 5048 
5049 5050 5051 5052 5053 5054 5055 5056 5057 
5058 5059 5060 5061 5062 5063 5064 5065 5066 
5067 5068 5069 5070 5071 5072 5073 5074 5075 
5076 5077 5078 5079 5080 5081 5082 5083 5084 
5085 5086 5087 5088 5089 5090 5091 5092 5093 
5094 5095 5096 5097 5098 5099 5100 5101 5102 
5103 5104 5105 5106 5107 5108 5109 5110 5111 
5112 5113 5114 5115 5116 5117 5118 5119 5120 
5121 5122 5123 5124 5125 5126 5127 5128 5129 
5130 5131 5132 5133 5134 5135 5136 5137 5138 
5139 5140 5141 5142 5143 5144 5145 5146 5147 
5148 5149 5150 5151 5152 5153 5154 5155 5156 
5157 5158 5159 5160 5161 5162 5163 5164 5165 
5166 5167 5168 5169 5170 5171 5172 5173 5174 
5175 5176 5177 5178 5179 5180 5181 5182 5183 
5184 5185 5186 5187 5188 5189 5190 5191 5192 
5193 5194 5195 5196 5197 5198 5199 5200 5201 
5202 5203 5204 5205 5206 5207 5208 5209 5210 
5211 5212 5213 5214 5215 5216 5217 5218 5219 
5220 5221 5222 5223 5224 5225 5226 5227 5228 
5229 5230 5231 5232 5233 5234 5235 5236 5237 
5238 5239 5240 5241 5242 5243 5244 5245 5246 
5247 5248 5249 5250 5251 5252 5253 5254 5255 
5256 5257 5258 5259 5260 5261 5262 5263 5264 
5265 5266 5267 5268 5269 5270 5271 5272 5273 
5274 5275 5276 5277 5278 5279 5280 5281 5282 
5283 5284 5285 5286 5287 5288 5289 5290 5291 
5292 5293 5294 5295 5296 5297 5298 5299 5300 
5301 5302 5303 5304 5305 5306 5307 5308 5309 
5310 5311 5312 5313 5314 5315 5316 5317 5318 
5319 5320 5321 5322 5323 5324 5325 5326 5327 
5328 5329 5330 5331 5332 5333 5334 5335 5336 
5337 5338 5339 5340 5341 5342 5343 5344 5345 
5346 5347 5348 5349 5350 5351 5352 5353 5354 
5355 5356 5357 5358 5359 5360 5361 5362 5363 
5364 5365 5366 5367 5368 5369 5370 5371 5372 
5373 5374 5375 5376 5377 5378 5379 5380 5381 
5382 5383 5384 5385 5386 5387 5388 5389 5390 
5391 5392 5393 5394 5395 5396 5397 5398 5399 
5400 5401 5402 5403 5404 5405 5406 5407 5408 
5409 5410 5411 5412 5413 5414 5415 5416 5417 
5418 5419 5420 5421 5422 5423 5424 5425 5426 
5427 5428 5429 5430 5431 5432 5433 5434 5435 
5436 5437 5438 5439 5440 5441 5442 5443 5444 
5445 5446 5447 5448 5449 5450 5451 5452 5453 
5454 5455 5456 5457 5458 5459 5460 5461 5462 
5463 5464 5465 5466 5467 5468 5469 5470 5471 
5472 5473 5474 5475 5476 5477 5478 5479 5480 
5481 5482 5483 5484 5485 5486 5487 5488 5489 
5490 5491 5492 5493 5494 5495 5496 5497 5498 
5499 5500 5501 5502 5503 5504 5505 5506 5507 
5508 5509 5510 5511 5512 5513 5514 5515 5516 
5517 5518 5519 5520 5521 5522 5523 5524 5525 
5526 5527 5528 5529 5530 5531 5532 5533 5534 
5535 5536 5537 5538 5539 5540 5541 5542 5543 
5544 5545 5546 5547 5548 5549 5550 5551 5552 
5553 5554 5555 5556 5557 5558 5559 5560 5561 
5562 5563 5564 5565 5566 5567 5568 5569 5570 
5571 5572 5573 5574 5575 5576 5577 5578 5579 
5580 5581 5582 5583 5584 5585 5586 5587 5588 
5589 5590 5591 5592 5593 5594 5595 5596 5597 
5598 5599 5600 5601 5602 5603 5604 5605 5606 
5607 5608 5609 5610 5611 5612 5613 5614 5615 
5616 5617 5618 5619 5620 5621 5622 5623 5624 
5625 5626 5627 5628 5629 5630 5631 5632 5633 
5634 5635 5636 5637 5638 5639 5640 5641 5642 
5643 5644 5645 5646 5647 5648 5649 5650 5651 
5652 5653 5654 5655 5656 5657 5658 5659 5660 
5661 5662 5663 5664 5665 5666 5667 5668 5669 
5670 5671 5672 5673 5674 5675 5676 5677 5678 
5679 5680 5681 5682 5683 5684 5685 5686 5687 
5688 5689 5690 5691 5692 5693 5694 5695 5696 
5697 5698 5699 5700 5701 5702 5703 5704 5705 
5706 5707 5708 5709 5710 5711 5712 5713 5714 
5715 5716 5717 5718 5719 5720 5721 5722 5723 
5724 5725 5726 5727 5728 5729 5730 5731 5732 
5733 5734 5735 5736 5737 5738 5739 5740 5741 
5742 5743 5744 5745 5746 5747 5748 5749 5750 
5751 5752 5753 5754 5755 5756 5757 5758 5759 
5760 5761 5762 5763 5764 5765 5766 5767 5768 
5769 5770 5771 5772 5773 5774 5775 5776 5777 
5778 5779 5780 5781 5782 5783 5784 5785 5786 
5787 5788 5789 5790 5791 5792 5793 5794 5795 
5796 5797 5798 5799 5800 5801 5802 5803 5804 
5805 5806 5807 5808 5809 5810 5811 5812 5813 
5814 5815 5816 5817 5818 5819 5820 5821 5822 
5823 5824 5825 5826 5827 5828 5829 5830 5831 
5832 5833 5834 5835 5836 5837 5838 5839 5840 
5841 5842 5843 5844 5845 5846 5847 5848 5849 
5850 5851 5852 5853 5854 5855 5856 5857 5858 
5859 5860 5861 5862 5863 5864 5865 5866 5867 
5868 5869 5870 5871 5872 5873 5874 5875 5876 
5877 5878 5879 5880 5881 5882 5883 5884 5885 
5886 5887 5888 5889 5890 5891 5892 5893 5894 
5895 5896 5897 5898 5899 5900 5901 5902 5903 
5904 5905 5906 5907 5908 5909 5910 5911 5912 
5913 5914 5915 5916 5917 5918 5919 5920 5921 
5922 5923 5924 5925 5926 5927 5928 5929 5930 
5931 5932 5933 5934 5935 5936 5937 5938 5939 
5940 5941 5942 5943 5944 5945 5946 5947 5948 
5949 5950 5951 5952 5953 5954 5955 5956 5957 
5958 5959 5960 5961 5962 5963 5964 5965 5966 
5967 5968 5969 5970 5971 5972 5973 5974 5975 
5976 5977 5978 5979 5980 5981 5982 5983 5984 
5985 5986 5987 5988 5989 5990 5991 5992 5993 
5994 5995 5996 5997 5998 5999 6000 6001 6002 
6003 6004 6005 6006 6007 6008 6009 6010 6011 
6012 6013 6014 6015 6016 6017 6018 6019 6020 
6021 6022 6023 6024 6025 6026 6027 6028 6029 
6030 6031 6032 6033 6034 6035 6036 6037 6038 
6039 6040 6041 6042 6043 6044 6045 6046 6047 

